method,train_sharpe,val_sharpe,test_sharpe,test_return
random,1.460506754406912,0.5666791283050145,-0.28148933792709363,-0.007169153730939626
random,1.5315035488669848,1.0900832449014877,0.21161791943965097,0.015656320444336735
random,1.3930969920987244,1.982575756065736,-0.03853118566233007,-0.002692258781025192
random,1.6777985478536488,0.2556458058091193,-0.15011110421462062,-0.0037751660760082517
random,1.5874074083868248,2.071105261489926,-0.3334412857327299,-0.04186581815424428
random,1.4608782145455774,1.8689244532205505,-0.10842970616227601,-0.01568672784825831
random,1.592134587087968,2.082857652205636,-0.1054520575390739,-0.015310118260175254
random,1.3799377915906894,1.718049389625301,0.12455848684794923,0.009082027300965523
random,1.7409749976578035,1.820170303781322,0.09324965504320142,0.006593001467708026
random,1.4259918787144736,1.7216052553915688,0.3768392979349419,0.04481395007010658
random,1.8046136483622341,1.3538161069765362,-0.27380134543764606,-0.022929111215906905
random,1.515406843977054,1.971647832823272,-0.15121277087908627,-0.02109650952301767
random,1.4616443777286845,1.0648682410012413,-0.3386352968559187,-0.027706700746210622
random,1.4969705308804298,1.3089134979115047,-0.2855726411319783,-0.020122146003531793
random,1.5590729422645233,1.8063443488697635,-0.15248215355859163,-0.021227076740950812
random,1.7083770216378817,1.0283764858906481,1.1185504680304652,0.03037193347177447
random,1.627214853994833,1.6137889011184132,0.019056291643491534,-0.0004202306891847307
random,1.4825289855595987,2.265769598102814,-0.2012936334838317,-0.01805805730848309
random,1.5960570698824652,2.207940446234313,0.45912713631232205,0.0661465342081693
random,1.5208468980854866,0.9664450710340687,-0.8023244295808081,-0.029966222264026565
evolve,1.753454357749971,0.658296919846076,-0.48120464069537205,-0.018224433489734793
evolve,1.6345812257616812,1.468559684512213,0.04140912837421876,0.0018609114169347851
evolve,1.6915745770502324,1.7579577776799566,-0.15222992279219474,-0.015983303954887895
evolve,1.6903929970497562,1.926967307363759,-0.07404149497264259,-0.011817390128311067
evolve,1.5667945637876974,1.6223241471005827,-0.5384474974592887,-0.025298722135961182
evolve,1.625896339749849,1.2614544554820841,0.881210936116741,0.039137234301841684
evolve,1.8619252209913963,1.1056744396176081,-0.13889727611818414,-0.01252339586681983
evolve,1.6922840391179388,1.512176409053316,0.043221681246917845,0.0020294894762384885
evolve,1.7636790456359612,1.2312982990442385,-0.19532054749076938,-0.018843032094861045
evolve,1.7812988807875632,2.1702402942524706,-0.577968856308688,-0.072344023436549
evolve,1.6535526470958206,0.9443404640081122,-0.5035043487401092,-0.036961396298170524
evolve,1.85450720724151,1.241775153865871,-0.09735330455672,-0.001240777789753289
evolve,1.804339439109507,1.68612470870427,-0.45084662940611375,-0.04833568331451055
evolve,1.829325060714267,1.7031042048970713,-0.3017981150532507,-0.0315374079188353
evolve,1.6578317522363812,1.7665822066123973,-0.7392891457428109,-0.04473888111645863
evolve,1.959989997265034,1.0025985496083734,0.25904235368090095,0.013602779061637316
evolve,1.6651485269240207,1.181121384667344,-0.6235713206666537,-0.029921010064671294
evolve,1.5871163650821665,1.7316500590308055,-0.5466369994599631,-0.047572622876899895
evolve,1.6921257668002319,1.7308159796861367,0.3911127329678162,0.02227514938776909
evolve,1.576774675268404,1.0503897959444908,-0.03958599932438743,-0.0046223714445581265
rsi,1.8001714741049482,1.3128722484916544,0.15600832968848574,0.011008365972461576
rsi,1.6185685796553888,1.9047969295196978,-0.1842987394505925,-0.02109291835577065
rsi,1.6564354883931578,1.1797739988411675,-0.07434320126682452,-0.009843807904545976
rsi,1.6777985478536488,0.2556458058091193,-0.15011110421462062,-0.0037751660760082517
rsi,1.5720708952336426,1.9714482240238445,-0.09365647611423042,-0.014899287162361108
rsi,1.6788525325504935,1.4751864278278402,0.15235376748245377,0.010659181549024233
rsi,1.703985378363253,1.4215144528843764,0.028204907909733352,0.0008658595044490625
rsi,1.648501081530508,1.5274804415480472,-0.0023556166848688036,-0.002850695259185354
rsi,1.8663276107415951,1.7109348409461735,-0.18668935774869358,-0.018822974185827235
rsi,1.9521056633472644,1.4031583749679006,-0.03516962703626018,-0.0035371962464542106
rsi,1.6313763660746496,1.9753892575936023,-0.6133053856652817,-0.05243956945311057
rsi,1.7019463392119112,2.3452666570000895,0.03675719610004535,0.0013226189701285307
rsi,2.0324726214892817,1.6634658702845226,0.029834387735536896,0.0006692514524309079
rsi,1.7917369404845165,1.8538350094220493,-0.20830552727130522,-0.02148992731034316
rsi,1.943637914338538,1.9659325719003187,0.3185426190515533,0.03449229820173527
rsi,1.857883860002336,1.704704799878808,0.004995513669077053,-0.0019190379572946448
rsi,1.511214372574909,2.13150176710794,-0.6133304485900513,-0.04909431353010685
rsi,1.574083395428988,2.2344574670546655,-0.2455862292836407,-0.027337811685714586
rsi,1.5811028326542462,1.3557217886694513,0.13144379333072714,0.0033024962215553177
rsi,1.7638402221166656,1.603031620703262,0.32215340340085163,0.03678831866670551
