seed,n_strategies,train_sharpe,test_sharpe,test_return,avg_strategy_test_sharpe
0,1,-1.6669368234383044,-0.8317040546433766,-0.16260534319761966,-1.210261629213853
0,10,-0.4388432246006694,-1.1213659386698618,-0.18506101992639745,-1.210261629213853
0,100,-0.3010402102095538,-1.277163198038437,-0.16850774573876426,-1.210261629213853
0,1000,-0.27465674098434667,-0.8748198151427267,-0.15055581930905126,-1.210261629213853
1,1,0.7599995428558073,-0.8833837735611174,-0.18192221096589933,-0.7732991681478824
1,10,1.2515751740534307,-1.1707057593325914,-0.21862484284773054,-0.7732991681478824
1,100,1.3073362205650563,-1.250750888938198,-0.23922085459030995,-0.7732991681478824
1,1000,1.3073362205650563,-1.1903097336940047,-0.22506072744991756,-0.7732991681478824
2,1,-2.753226199188311,-1.0150998111825074,-0.22214217159645933,-0.5997981932531817
2,10,-1.2906336429204404,-0.5682168922217483,-0.12314857526609946,-0.5997981932531817
2,100,-0.5142623762225801,-0.6284135601102191,-0.12912976786097963,-0.5997981932531817
2,1000,-0.5142623762225801,-0.6284135601102191,-0.12912976786097963,-0.5997981932531817
3,1,0.8376168219030672,0.26055935884461084,0.04753570694639375,0.6267932795893395
3,10,1.1789873188069269,-0.560498938198644,-0.13284450647064328,0.6267932795893395
3,100,1.1079843404370144,-0.09122762522761363,-0.03221513550495514,0.6267932795893395
3,1000,1.1789873188069269,-0.560498938198644,-0.13284450647064328,0.6267932795893395
4,1,0.8489579326085694,-1.7619917055110978,-0.32104561205955917,-1.5679665512606198
4,10,1.2512620061971569,-1.9412657391967711,-0.32044591605806383,-1.5679665512606198
4,100,1.3058145916782093,-1.9669830583208125,-0.3227942436991409,-1.5679665512606198
4,1000,1.3058145916782093,-1.9669830583208125,-0.3227942436991409,-1.5679665512606198
5,1,0.70092317743247,-0.629418303736211,-0.14721234959414875,-0.1588219243508689
5,10,0.7633627382231459,0.5014388169671379,0.10601939931856319,-0.1588219243508689
5,100,0.9150260648170868,0.1632063250089068,0.02405232044317729,-0.1588219243508689
5,1000,0.9672033903401277,0.30481860324311977,0.05621052125845938,-0.1588219243508689
6,1,-0.40448383001341964,-1.031155005855408,-0.16066447449713572,-0.9641321581549974
6,10,0.2481230995966263,-0.7814729807234853,-0.14187202363426854,-0.9641321581549974
6,100,0.32585044412124586,-0.727845078637251,-0.13210346873758194,-0.9641321581549974
6,1000,0.40482090026553297,-1.0624792704279091,-0.21141341856871776,-0.9641321581549974
7,1,-1.0909337488728876,0.7052174527625928,0.14218255271598523,0.3173680483724138
7,10,-0.9023476536681259,-0.25329656631656794,-0.0613365737046595,0.3173680483724138
7,100,-0.814718586692918,-0.30068797319014895,-0.06963241825442212,0.3173680483724138
7,1000,-0.814718586692918,-0.30068797319014895,-0.06963241825442212,0.3173680483724138
8,1,-0.3822414177762097,-0.9373791240229183,-0.16042476486718915,-0.6319783632013998
8,10,0.059973915559669015,-0.5467658500617465,-0.08803779740388751,-0.6319783632013998
8,100,0.5769140061650544,-0.2693067917209935,-0.06717861656225055,-0.6319783632013998
8,1000,0.6422464148455996,-0.5526339014454456,-0.1221923756463652,-0.6319783632013998
9,1,-0.6989049066913398,0.2731965198182282,0.04934211031975644,-0.3557157334812026
9,10,0.19301253763365428,0.09944176870474211,0.009709421834881438,-0.3557157334812026
9,100,0.4488645309157949,0.06550451072231167,0.0021465168919572175,-0.3557157334812026
9,1000,0.4636670037703014,0.02203044271999133,-0.007493731154888494,-0.3557157334812026
10,1,-0.7207040998926634,-0.5705940865471464,-0.08700845995720108,-0.5846346624611326
10,10,-0.466321066911578,-0.39291871149019225,-0.06144593781888685,-0.5846346624611326
10,100,-0.14310023630643504,-0.6190873892532031,-0.13293600582357,-0.5846346624611326
10,1000,-0.14310023630643504,-0.6190873892532031,-0.13293600582357,-0.5846346624611326
11,1,-0.2889876420650859,-0.44363162941500184,-0.10762629579252592,-0.2959929403447968
11,10,-0.026396643790176744,0.40464962483102934,0.08015440871473345,-0.2959929403447968
11,100,0.08111581900182409,-0.8697671983534103,-0.18937763885536252,-0.2959929403447968
11,1000,0.129471569939235,-0.8964077373174485,-0.19437339541781473,-0.2959929403447968
12,1,-0.8673998808046268,0.021399712871122883,-0.006971076280818722,-0.4906688018783998
12,10,-0.14198027919031053,-0.8745313179559788,-0.20202356423365742,-0.4906688018783998
12,100,0.07279061330807296,-0.8075760078502607,-0.18820612212609578,-0.4906688018783998
12,1000,0.10080389617077486,-0.8480958059902138,-0.19604499374647477,-0.4906688018783998
13,1,-0.529716710830353,0.021799188110324934,-0.008103416775810501,-0.2582486620378195
13,10,0.17095771002477003,-0.8332836996175369,-0.17911347024672541,-0.2582486620378195
13,100,0.35213631792683614,-1.1630662344782425,-0.2412555026370865,-0.2582486620378195
13,1000,0.35213631792683614,-1.1630662344782425,-0.2412555026370865,-0.2582486620378195
14,1,0.8960977392828117,-1.3644947916080867,-0.2190700101273263,-1.0325080808543956
14,10,1.4200819538120173,-1.443731487550904,-0.162874013126859,-1.0325080808543956
14,100,1.4200819538120173,-1.5488607956343794,-0.17977932895661197,-1.0325080808543956
14,1000,1.4200819538120173,-1.175816980239868,-0.13223242106649447,-1.0325080808543956
15,1,-0.3932649235126116,-1.0138424970158824,-0.16896811111644416,-0.6711719262494067
15,10,0.656195840389585,-0.019011942668322124,-0.01196050584580699,-0.6711719262494067
15,100,0.8674920360101296,-1.756793150902054,-0.31531947992087006,-0.6711719262494067
15,1000,0.9104763053125836,-2.2347324602539356,-0.3784009269512849,-0.6711719262494067
16,1,0.17676462936020773,-0.5649559133337456,-0.12063921066076111,-1.2576600042699497
16,10,0.16230054286758022,-1.9061876820294545,-0.331290508081747,-1.2576600042699497
16,100,0.27342546655020095,-0.4697505385471169,-0.10361353799127215,-1.2576600042699497
16,1000,0.27342546655020095,-0.4697505385471169,-0.10361353799127215,-1.2576600042699497
17,1,-0.1544750370705,0.5711319608802805,0.13693912218207793,0.5347701092826566
17,10,0.10212184144794573,0.3305232027425251,0.0700090914606093,0.5347701092826566
17,100,0.2668602626706921,0.5171388360778686,0.12191222869832186,0.5347701092826566
17,1000,0.2668602626706921,0.5171388360778686,0.12191222869832186,0.5347701092826566
18,1,-0.22338610392003036,0.24080079891264017,0.029078649174040683,-0.33439271482994704
18,10,0.011626362177127383,-1.137712080738336,-0.21960698506925613,-0.33439271482994704
18,100,0.5265632221048857,-1.6281752362314068,-0.28484405501877885,-0.33439271482994704
18,1000,0.5265632221048857,-1.6281752362314068,-0.28484405501877885,-0.33439271482994704
19,1,-0.7962391173366273,-1.3506526318972347,-0.14210720734415994,-1.1300460659477458
19,10,-0.2095570002503374,-0.8911245656955565,-0.18208278444289183,-1.1300460659477458
19,100,-0.06747193055292482,-0.8923228079104297,-0.1601825889769517,-1.1300460659477458
19,1000,-0.06747193055292482,-0.8923228079104297,-0.1601825889769517,-1.1300460659477458
20,1,-0.39560913303488726,-0.9748893740535055,-0.16186097070970484,-0.8451850909166516
20,10,0.6714494718546931,-0.5276123857262827,-0.10541318562794288,-0.8451850909166516
20,100,0.47200343314538684,-0.7174537836982631,-0.13719069936466066,-0.8451850909166516
20,1000,0.7184081884103011,-0.5038387845451512,-0.10141327808982892,-0.8451850909166516
21,1,0.4057833251648279,0.5171537689218478,0.13139712120520364,0.8380084285283389
21,10,1.2879897302376055,1.2832285990132235,0.4400455800393519,0.8380084285283389
21,100,1.35097470989587,1.3131422025888386,0.4500383817643856,0.8380084285283389
21,1000,1.35097470989587,1.3131422025888386,0.4500383817643856,0.8380084285283389
22,1,-0.0379148041295574,-1.040242442253363,-0.13355548379045712,-0.9751712345400262
22,10,0.2121150212600059,-1.0402378817432345,-0.12908093031986612,-0.9751712345400262
22,100,0.5907618540891091,-0.7924381141457082,-0.15103407658267198,-0.9751712345400262
22,1000,0.7269781398947522,-0.6063428738987097,-0.1298909422887451,-0.9751712345400262
23,1,-0.07841524747381798,-1.2725929712848745,-0.19488379374657572,-1.1857677691532507
23,10,0.25027809628696096,-1.0964742672025805,-0.18987171809726378,-1.1857677691532507
23,100,0.13971731670953544,-1.1748601850737368,-0.1846053744204087,-1.1857677691532507
23,1000,0.4795560707197264,-0.9163187062688644,-0.1842412169407326,-1.1857677691532507
24,1,-0.01055790677373479,-0.11524180009674541,-0.045587727249155496,-0.02561318847528373
24,10,1.371719990314325,0.25181611119320124,0.051000307723615634,-0.02561318847528373
24,100,1.4269996158030476,0.3586349340071712,0.08209563285297028,-0.02561318847528373
24,1000,1.4398502356802443,0.2839391552415512,0.060997041275433705,-0.02561318847528373
25,1,-1.7275908984341193,0.7885128541399328,0.18579456237203806,0.6787842331144344
25,10,-0.5220836752616862,0.8706193543722358,0.20681335383542643,0.6787842331144344
25,100,-0.196435893730263,0.10068227749086225,0.009978629947782425,0.6787842331144344
25,1000,0.009406296637251375,-0.04773661785704412,-0.022982813926091028,0.6787842331144344
26,1,0.09773729282496649,0.0875441885467532,0.007550017156777056,-0.1989947154539741
26,10,0.36597244907439486,-0.13606032456515377,-0.037770935900662606,-0.1989947154539741
26,100,0.5653792852566735,-0.25550830843625055,-0.06113685640796496,-0.1989947154539741
26,1000,0.5653792852566735,-0.25550830843625055,-0.06113685640796496,-0.1989947154539741
27,1,-1.5312525999759674,0.4346622454246626,0.09988148425019538,0.7573249003631367
27,10,-0.4087026244252092,1.229140737590116,0.3540255288534919,0.7573249003631367
27,100,-0.3342115899869762,1.3390374968711611,0.38364309219865067,0.7573249003631367
27,1000,-0.3342115899869762,1.271122883095064,0.3617087850196159,0.7573249003631367
28,1,-1.8600481459126923,0.6745833594229054,0.1417370310622832,1.0434177071646806
28,10,-0.11743954087780167,1.3698175954486367,0.30842724146019185,1.0434177071646806
28,100,0.12945719877313155,1.1714823734578574,0.2625507877426636,1.0434177071646806
28,1000,0.12945719877313155,1.1714823734578574,0.2625507877426636,1.0434177071646806
29,1,-0.07796463258512643,-0.9531272350577074,-0.14375702456556416,-0.8293094888616022
29,10,-0.19977168437717274,-1.0357478030809015,-0.13623574463517818,-0.8293094888616022
29,100,0.1601069784840063,-1.1723591816339998,-0.1515855566250608,-0.8293094888616022
29,1000,0.1601069784840063,-0.9753715370917538,-0.12591813182103218,-0.8293094888616022
30,1,-0.13947183104470487,-0.24969685467613317,-0.054678641861698574,-0.33872531464568423
30,10,0.7471586929575847,-1.4479828326604796,-0.26439457635251995,-0.33872531464568423
30,100,1.1395312306046192,-0.4849954346009191,-0.10446130228857553,-0.33872531464568423
30,1000,1.1987770460355551,-0.6092653888553623,-0.12742781901225664,-0.33872531464568423
31,1,0.7907926236736914,-0.046557085875880005,-0.021835760412796668,-0.4134922256706672
31,10,1.487164469062296,-0.294934129012178,-0.07563860255889154,-0.4134922256706672
31,100,1.542271142935151,-0.28917513076591417,-0.07460740641051389,-0.4134922256706672
31,1000,1.542271142935151,-0.3106297007640175,-0.07902400066933857,-0.4134922256706672
32,1,1.3662133157614733,-1.6994105934342443,-0.24151817726455038,-1.365611674792656
32,10,1.5962550402715936,-0.9467739939726453,-0.14935678787935702,-1.365611674792656
32,100,1.6571931448650772,-0.9365077410054635,-0.14807546842232422,-1.365611674792656
32,1000,1.6571931448650772,-0.9365077410054635,-0.14807546842232422,-1.365611674792656
33,1,0.6123318973543734,-0.2594449392175721,-0.06744908964683582,-0.42966582808396137
33,10,0.6498728328397119,-0.3593024836335258,-0.08785945665965966,-0.42966582808396137
33,100,0.7667288928546795,-0.4581079903914366,-0.10852276492810198,-0.42966582808396137
33,1000,0.7667288928546795,-0.4581079903914366,-0.10852276492810198,-0.42966582808396137
34,1,-1.9744939726877038,-2.221539962417501,-0.3935510454639344,-1.5761505004114837
34,10,-0.8055676800868999,-1.2211425375892047,-0.1868694801731582,-1.5761505004114837
34,100,-0.3905579641256239,-1.694532653338931,-0.3127063461993538,-1.5761505004114837
34,1000,-0.3905579641256239,-1.694532653338931,-0.3127063461993538,-1.5761505004114837
35,1,0.8052352210073321,0.24985397545224977,0.04857447150696981,0.3103404150066218
35,10,0.8935103880502896,0.5055060617971515,0.12023922771492801,0.3103404150066218
35,100,0.9023831746378891,0.4641585568925373,0.1077111794206147,0.3103404150066218
35,1000,0.9678686316711351,0.4620342967820929,0.10742591403942536,0.3103404150066218
36,1,-1.317017127198891,-0.13880020580427183,-0.04190160935201781,0.39078122745395855
36,10,-0.7027080826190495,0.48461787385861116,0.10783690087581022,0.39078122745395855
36,100,-0.6292218595364264,0.1734736678044946,0.02715016131217829,0.39078122745395855
36,1000,-0.5916195894352068,0.41089044182152873,0.08694842663133873,0.39078122745395855
37,1,-1.5607538463413941,0.8707505163850487,0.1755915998200508,0.8960316426307147
37,10,-0.7510565469586734,1.5288324090079304,0.32241819469952415,0.8960316426307147
37,100,-0.7318194993501305,1.0006704969694689,0.18638969793032878,0.8960316426307147
37,1000,-0.7318194993501305,1.0006704969694689,0.18638969793032878,0.8960316426307147
38,1,-0.16882066650501437,0.25846947670775494,0.047802658237707574,0.15951221449896208
38,10,-0.07330737507888575,0.16672186643169792,0.025479824383472405,0.15951221449896208
38,100,-0.04755105321416823,-0.5152956033589671,-0.1196307087800087,0.15951221449896208
38,1000,-0.04755105321416823,-0.5152956033589671,-0.1196307087800087,0.15951221449896208
39,1,-0.12904101847626026,0.9746285223680881,0.22576850704387086,0.8186514139007509
39,10,-0.023704632176639772,0.8325816720857,0.18642867358999493,0.8186514139007509
39,100,0.2057984123474703,1.0616004086135138,0.2734321943533591,0.8186514139007509
39,1000,0.22427491513684392,1.1121056664150284,0.28972998401391115,0.8186514139007509
40,1,-0.2508727290060387,-0.5739223448739245,-0.08661335640105028,-0.7427546781052493
40,10,0.44439509503580754,-1.1025948345513235,-0.1961086090585541,-0.7427546781052493
40,100,0.4818632889377514,-1.086294071305674,-0.193603526616709,-0.7427546781052493
40,1000,0.4818632889377514,-1.086294071305674,-0.193603526616709,-0.7427546781052493
41,1,-1.5022829336705315,-0.36270377182308966,-0.09264616125904368,-0.33842126494352703
41,10,0.04508108348147408,-0.9243158557789422,-0.20605333951793292,-0.33842126494352703
41,100,0.0757886221168685,-0.9990699988479583,-0.2165224744290014,-0.33842126494352703
41,1000,0.0757886221168685,-0.9990699988479583,-0.2165224744290014,-0.33842126494352703
42,1,-0.39574466603177694,-0.03149340335218081,-0.014308793575659173,-0.8432498147447867
42,10,-0.311833589895841,-1.6916883465673107,-0.14378211266237184,-0.8432498147447867
42,100,0.205154918146364,-1.0581596705812697,-0.23075960154643493,-0.8432498147447867
42,1000,0.2643291549185726,-1.4139272182895701,-0.29160756287611167,-0.8432498147447867
43,1,-0.09685469101818735,-0.7794047207740189,-0.16101451677223766,-0.9967391708655623
43,10,0.5923066918130753,-0.8444816095341301,-0.14725737798652472,-0.9967391708655623
43,100,0.6038338784617422,-1.400134814048437,-0.2456229070999406,-0.9967391708655623
43,1000,0.6559725179896706,-0.593800526267752,-0.1093807174647633,-0.9967391708655623
44,1,0.2867507666034441,0.3721182529079099,0.08633024386333643,0.21601944012927038
44,10,0.13431440592863675,0.26554000612881096,0.054581435481310114,0.21601944012927038
44,100,0.30259066268685864,0.32474544957814705,0.07242764369576982,0.21601944012927038
44,1000,0.32593378780249516,0.2989408732559016,0.06486888915784328,0.21601944012927038
45,1,-1.356774478789273,-0.9446597146531324,-0.20367795007420086,-0.5348915026300327
45,10,0.12255260385670186,-0.5399419467226539,-0.09177830231852513,-0.5348915026300327
45,100,0.5272479682468314,-0.5302923276297787,-0.09065280836071266,-0.5348915026300327
45,1000,0.5272479682468314,-0.5302923276297787,-0.09065280836071266,-0.5348915026300327
46,1,-0.2670119798320946,-0.39198771351687184,-0.09439686092115018,-0.35319669964701034
46,10,0.24438367181856344,-0.3170570673549498,-0.0853539826784222,-0.35319669964701034
46,100,0.405366361683224,-0.5017374718567169,-0.12149955041959548,-0.35319669964701034
46,1000,0.405366361683224,-0.5017374718567169,-0.12149955041959548,-0.35319669964701034
47,1,0.006451260587247967,-0.9818795165142489,-0.09740876646770935,-0.9903395721328333
47,10,0.05882559855597838,-1.1256551884312926,-0.10209322066001258,-0.9903395721328333
47,100,0.16416106283289697,-0.8624265329224071,-0.0789808629345321,-0.9903395721328333
47,1000,0.20339907549971542,-0.9675825433414921,-0.0900415247672135,-0.9903395721328333
48,1,0.8605656021670574,-0.06248339395904466,-0.03060432084576903,0.0403032874394507
48,10,1.1064323031220031,0.29525155081700727,0.06583066396217108,0.0403032874394507
48,100,1.1847026016264322,0.2571994082359559,0.05428738715866732,0.0403032874394507
48,1000,1.1973417839286888,-0.3485468169241141,-0.10127293799712189,0.0403032874394507
49,1,0.5752298680926567,0.07489581865379474,0.003733631959743189,0.06838181393793157
49,10,1.068569806906109,0.08071297577439587,0.0036826195473249612,0.06838181393793157
49,100,1.0371185128225313,-0.21016307587100846,-0.06732831738775902,0.06838181393793157
49,1000,1.068569806906109,0.08071297577439587,0.0036826195473249612,0.06838181393793157
50,1,0.0830138048018153,1.1908154442442076,0.28667449221676455,0.6270538446866456
50,10,0.6169454099086626,0.9145105364224126,0.21721341552732643,0.6270538446866456
50,100,0.7041490804341316,0.885171103783461,0.2099722520499434,0.6270538446866456
50,1000,0.705636306571937,0.885171103783461,0.2099722520499434,0.6270538446866456
51,1,-0.393905119985904,0.3175477584782641,0.0668868618982783,0.03435385467546637
51,10,0.11508528262007756,0.3631550014919194,0.07699677912426783,0.03435385467546637
51,100,0.26920465824636025,0.10070619465106045,0.00958577262416771,0.03435385467546637
51,1000,0.26920465824636025,0.10070619465106045,0.00958577262416771,0.03435385467546637
52,1,0.10514893390240915,-1.065621682645187,-0.18153713518320758,-1.098822453379925
52,10,0.5059022751977147,-0.8202986934186366,-0.14005627433571888,-1.098822453379925
52,100,0.542553726713902,-0.665507344465248,-0.10671179581746804,-1.098822453379925
52,1000,0.568299303227449,-1.156421940577167,-0.17711442732270388,-1.098822453379925
53,1,-0.7449668875216501,-0.5861266416457012,-0.07200667750813161,-0.7455528503956701
53,10,0.14404373107982324,-0.5251747381607295,-0.10456950838097867,-0.7455528503956701
53,100,0.3212517309086095,-0.8390425093786006,-0.11954187457116983,-0.7455528503956701
53,1000,0.3212517309086095,-0.8365452171059089,-0.11909745422081064,-0.7455528503956701
54,1,-0.5679267964992488,0.6158732848628744,0.12996385336748095,0.2845190298586036
54,10,-0.4553465876645376,-0.46995039715109205,-0.0964609088077435,0.2845190298586036
54,100,-0.49175764469216343,0.1368644468854166,0.017898275691532683,0.2845190298586036
54,1000,-0.4553465876645376,-0.46995039715109205,-0.0964609088077435,0.2845190298586036
55,1,-0.6112120203297429,-0.38903216885268466,-0.09000349411600816,-0.39269066206311254
55,10,-0.47052834691520645,-0.8348936046429201,-0.16234342884604602,-0.39269066206311254
55,100,0.276831572484597,-0.15375573660245478,-0.047339304752553435,-0.39269066206311254
55,1000,0.276831572484597,-0.15375573660245478,-0.047339304752553435,-0.39269066206311254
56,1,1.262520642607046,-0.6076706678013333,-0.1321011044075907,-0.6969987437952113
56,10,1.0204107959284403,-0.25314639299039327,-0.06252972432587645,-0.6969987437952113
56,100,1.262520642607046,-0.6076706678013333,-0.1321011044075907,-0.6969987437952113
56,1000,1.262520642607046,-0.6076706678013333,-0.1321011044075907,-0.6969987437952113
57,1,0.5796331724312008,0.16814731201269778,0.02560455984955823,0.1405628471451237
57,10,0.5155894737637255,-0.20190576858765139,-0.05658157210093273,0.1405628471451237
57,100,0.6329521208084979,0.01715887437112079,-0.009374681803672291,0.1405628471451237
57,1000,0.6329521208084979,0.01715887437112079,-0.009374681803672291,0.1405628471451237
58,1,0.643347192075505,-1.4979766372545544,-0.29379711094486194,-1.0269157418955355
58,10,1.1800378817104988,-0.7652509630329647,-0.15221736239011663,-1.0269157418955355
58,100,1.2030961201390153,-0.9411412296127304,-0.18849949766147134,-1.0269157418955355
58,1000,1.2030961201390153,-0.9856345249976786,-0.19557332940912342,-1.0269157418955355
59,1,-0.8080299782946407,0.2486404151892859,0.040540196231522385,-0.4428693426949015
59,10,0.506972862513958,-0.9722921660707062,-0.15475985621206811,-0.4428693426949015
59,100,0.506972862513958,-0.9722921660707062,-0.15475985621206811,-0.4428693426949015
59,1000,0.506972862513958,-1.0413912741850986,-0.16393436644126969,-0.4428693426949015
60,1,0.7431699931913397,0.2965920156173024,0.043181272743124666,-0.2901544392085881
60,10,1.2924037986948083,-0.3307211802816077,-0.06216670154867032,-0.2901544392085881
60,100,1.3272489161160428,-0.2511513203232459,-0.04917752149631516,-0.2901544392085881
60,1000,1.3272489161160428,-0.2511513203232459,-0.04917752149631516,-0.2901544392085881
61,1,-1.4864002443461208,-0.22221216583110193,-0.048945281807332264,-0.021156233150172902
61,10,-0.40788841253616553,0.26541036024431286,0.046545557557406525,-0.021156233150172902
61,100,-0.3083926224196292,0.08184331894418165,0.005815833348907562,-0.021156233150172902
61,1000,-0.3083926224196292,0.08184331894418165,0.005815833348907562,-0.021156233150172902
62,1,-0.045863451439542534,-0.6512602644164172,-0.14078499711030668,-0.4661371409399675
62,10,-0.16111268576076906,-0.7591444633376121,-0.16125168586946048,-0.4661371409399675
62,100,0.4413072935336758,-0.7330884710735213,-0.16396844606037742,-0.4661371409399675
62,1000,0.4413072935336758,-0.7330884710735213,-0.16396844606037742,-0.4661371409399675
63,1,-1.451213123270296,-0.30392372503121334,-0.07701617763432533,-0.5608667204184191
63,10,-0.652197705334732,-0.26806871305736557,-0.0674677680773137,-0.5608667204184191
63,100,0.2606094021014323,-0.4413848575838933,-0.10416949800350517,-0.5608667204184191
63,1000,0.2606094021014323,-0.4413848575838933,-0.10416949800350517,-0.5608667204184191
64,1,0.9462252987892092,-0.21174574413047015,-0.04695319516185059,-0.4202597611293661
64,10,1.5053432790134338,-0.3377239973381457,-0.06955800214759311,-0.4202597611293661
64,100,1.7435445218145225,-0.7269849428555293,-0.14472170018097863,-0.4202597611293661
64,1000,1.7435445218145225,-0.7269849428555293,-0.14472170018097863,-0.4202597611293661
65,1,0.2203072061716796,0.0697453961018597,0.0007140272634018618,0.24811085292065183
65,10,0.4675811268974025,0.025285899237919688,-0.01046118708650412,0.24811085292065183
65,100,1.5156144495925663,-0.01813171272415219,-0.01975952642945622,0.24811085292065183
65,1000,1.5956416014707993,-0.11369512465451405,-0.042057602587967535,0.24811085292065183
66,1,-0.012994069117468554,-0.8220170055894522,-0.14599641106251648,-1.521738454262918
66,10,0.8910821587467788,-1.8771985958569632,-0.19260271657650652,-1.521738454262918
66,100,0.9954751592585418,-2.0809000913893816,-0.19618556464609382,-1.521738454262918
66,1000,0.9954751592585418,-2.0809000913893816,-0.19618556464609382,-1.521738454262918
67,1,0.42956762067327725,-0.7391102531298948,-0.1692144849177425,-0.35401513559157705
67,10,0.6075275253329518,0.2874499766573379,0.05212656725621345,-0.35401513559157705
67,100,0.7793314409989843,-0.9694756117724296,-0.20012837237178815,-0.35401513559157705
67,1000,0.7793314409989843,-0.9694756117724296,-0.20012837237178815,-0.35401513559157705
68,1,-0.2329683893794471,-0.6040695318153775,-0.14928711268478678,-0.5738961183787907
68,10,0.7398571856320348,-0.003581577359142214,-0.0161897525222503,-0.5738961183787907
68,100,0.7762437321188195,-0.35936235026636987,-0.0978299252064242,-0.5738961183787907
68,1000,0.7762437321188195,-0.35936235026636987,-0.0978299252064242,-0.5738961183787907
69,1,-2.725274467896556,-1.1929032954927168,-0.19965802986171033,-1.1965760268146701
69,10,-0.7898199205723961,-1.7449589533971666,-0.2886053046593521,-1.1965760268146701
69,100,-0.7898199205723961,-1.7449589533971666,-0.2886053046593521,-1.1965760268146701
69,1000,-0.7898199205723961,-1.707944608111093,-0.2841990869284259,-1.1965760268146701
70,1,-0.0291796607936693,0.0833124785526304,0.0048904741570743315,0.02284084738191359
70,10,0.08880725319694918,-0.06614440384719798,-0.03155247696366892,0.02284084738191359
70,100,0.5021226290792189,0.3040318761534175,0.0610715903336112,0.02284084738191359
70,1000,0.5260405352935416,0.16184035431139387,0.024763517461899642,0.02284084738191359
71,1,-1.4438511584350968,-0.34816288478642066,-0.08187177042588323,-0.31682904396771516
71,10,0.28064614278634903,-0.38780794333644303,-0.08929651983451625,-0.31682904396771516
71,100,0.28064614278634903,-0.38780794333644303,-0.08929651983451625,-0.31682904396771516
71,1000,0.28064614278634903,-0.38780794333644303,-0.08929651983451625,-0.31682904396771516
72,1,-0.5279424522648626,-1.1439731776004767,-0.21870323681783876,-0.91277370875861
72,10,-0.08631032404513828,-1.0301782008600577,-0.2060758445452735,-0.91277370875861
72,100,0.14166269853930163,-0.5620017573882482,-0.1247719971457465,-0.91277370875861
72,1000,0.14166269853930163,-0.5620017573882482,-0.1247719971457465,-0.91277370875861
73,1,1.1689315764301527,0.1979252970541891,0.030679917442976823,-0.019463540038830787
73,10,0.9358900276216375,-0.1825140828892442,-0.048494845175419465,-0.019463540038830787
73,100,1.3238518799884302,0.049685689433954155,-0.0004923097396140053,-0.019463540038830787
73,1000,1.3238518799884302,0.049685689433954155,-0.0004923097396140053,-0.019463540038830787
74,1,-0.27060870386846714,0.27654677035528996,0.05497495834904975,0.01502247253220505
74,10,0.18163824636604198,0.3417994856591353,0.0713469896494976,0.01502247253220505
74,100,0.4122472034762885,0.24861818252051965,0.04613428613733794,0.01502247253220505
74,1000,0.45152799721630504,0.38116441876395807,0.08037902241105499,0.01502247253220505
75,1,-1.3233589369672452,0.18509264277060045,0.030193707560435268,-0.33167518339510665
75,10,-0.2707558281170134,-0.3589265450846757,-0.11418591361668684,-0.33167518339510665
75,100,-0.2285197358649669,-0.3589265450846757,-0.11418591361668684,-0.33167518339510665
75,1000,-0.2285197358649669,-0.3589265450846757,-0.11418591361668684,-0.33167518339510665
76,1,-0.8833798772435304,-0.25781778820345885,-0.07945013008663704,-0.4125865734556481
76,10,-0.2005816561188872,-0.5596422026643376,-0.1405628207953138,-0.4125865734556481
76,100,0.016386925628681385,-0.6415138307189268,-0.16045790157846662,-0.4125865734556481
76,1000,0.12659912402866103,-0.8173902179369045,-0.1941564685724363,-0.4125865734556481
77,1,0.012766269790684353,-0.4659650852349095,-0.10548049105446844,-0.545772052013605
77,10,0.6727156959913795,-0.9567226649615164,-0.21279345252642423,-0.545772052013605
77,100,0.7368830896496651,-1.042547724892749,-0.2285305674962983,-0.545772052013605
77,1000,0.7368830896496651,-1.042547724892749,-0.2285305674962983,-0.545772052013605
78,1,1.0500755535581643,-1.1094918977514425,-0.17047846298004043,-0.8493131912072907
78,10,1.3578284894102983,-0.5583074109412184,-0.08820947090478903,-0.8493131912072907
78,100,1.5826411783931995,-1.095999295428883,-0.2156252910046117,-0.8493131912072907
78,1000,2.309184792270329,-1.7248064029293504,-0.31578381403903033,-0.8493131912072907
79,1,-0.9163547391020644,-0.3351984265632421,-0.04558940946421275,-0.6903289197274592
79,10,0.23102428174679251,-1.1871914430168922,-0.17707242445766536,-0.6903289197274592
79,100,0.32186129099550187,-1.231204679479722,-0.18186637513194348,-0.6903289197274592
79,1000,0.38028539273480305,-1.2649450892962464,-0.18805390399887534,-0.6903289197274592
80,1,-0.6235632048067781,-0.4290382324801252,-0.10580384999214743,0.013468952836177099
80,10,-0.08975220431466814,0.227976811800164,0.03764140220186074,0.013468952836177099
80,100,0.08114648287029781,0.5353798459814644,0.11934517377141995,0.013468952836177099
80,1000,0.08114648287029781,0.5353798459814644,0.11934517377141995,0.013468952836177099
81,1,0.5027445570985533,0.030167871723327508,-0.004498735998919812,-0.4292259907598022
81,10,0.8909017298094615,-0.11293836476861228,-0.03311407028675861,-0.4292259907598022
81,100,0.9497327424039644,-0.8093375527512682,-0.1649065158657229,-0.4292259907598022
81,1000,1.0305038859165312,-0.1334589217611024,-0.038123007951043064,-0.4292259907598022
82,1,0.7245004795215771,-0.6552604893182693,-0.1350956888257192,-0.5565853580651797
82,10,0.6931617443181286,-0.6583654308749832,-0.1323837934171348,-0.5565853580651797
82,100,0.7245004795215771,-0.605347604415153,-0.12641025849663157,-0.5565853580651797
82,1000,0.7245004795215771,-0.6552604893182693,-0.1350956888257192,-0.5565853580651797
83,1,-0.21728936021799833,0.7630693627484093,0.1799812212046572,0.38003928328695724
83,10,0.03158360014398334,0.6454244406071385,0.15009675031578662,0.38003928328695724
83,100,0.03158360014398334,0.6649929367087424,0.15553845891183915,0.38003928328695724
83,1000,0.04463355257903026,0.6649929367087424,0.15553845891183915,0.38003928328695724
84,1,0.1486047049190608,-0.28626888194537464,-0.0584915631580637,-0.4237147519116814
84,10,0.4722540831932821,-0.21052593765559013,-0.04324054460659532,-0.4237147519116814
84,100,0.757186746120006,-0.02750462080322456,-0.01378553715250197,-0.4237147519116814
84,1000,0.757186746120006,-0.02750462080322456,-0.01378553715250197,-0.4237147519116814
85,1,0.34874443087808205,0.7546966836757446,0.18660104097281738,0.4990642885970607
85,10,0.351669237093286,0.2089575641894576,0.03803604873445576,0.4990642885970607
85,100,0.38261272809868285,0.40006542782281573,0.08924432685500294,0.4990642885970607
85,1000,0.3999708914823726,0.4771185535072141,0.11025258174045671,0.4990642885970607
86,1,-0.7128748594745788,0.49472564650198003,0.1141115655434326,0.4740089252465342
86,10,-0.7278595106444171,0.46920813510727066,0.10708162924131637,0.4740089252465342
86,100,-0.09499199213484558,0.5850939623306038,0.13502608021945894,0.4740089252465342
86,1000,-0.09499199213484558,0.5850939623306038,0.13502608021945894,0.4740089252465342
87,1,-0.23267293122562607,-0.5374493141726124,-0.12578418100015987,0.3965180513338541
87,10,0.03357402436896833,0.5637518643911648,0.13846249007366174,0.3965180513338541
87,100,0.19519652785503766,0.5726101693279677,0.14074510859023248,0.3965180513338541
87,1000,0.19519652785503766,0.5726101693279677,0.14074510859023248,0.3965180513338541
88,1,-0.13216635484098554,0.10701049711159272,0.01138329846074626,-0.6535000905645976
88,10,0.02962465929483132,-0.08954419421428363,-0.03312340350426668,-0.6535000905645976
88,100,0.6254574914507561,-0.3384214855945071,-0.08725298804195158,-0.6535000905645976
88,1000,0.6708488361428491,-0.15947154814564732,-0.048966495824076084,-0.6535000905645976
89,1,-0.3708366208069753,-2.0140733226989616,-0.3549018104198074,-0.9737347103733571
89,10,0.1937955681177511,-0.6114214399889751,-0.10248212493985986,-0.9737347103733571
89,100,0.23767415695216088,-1.2018792493610113,-0.22248029399902425,-0.9737347103733571
89,1000,0.26236486187439556,-0.6372303793661371,-0.10501267233631828,-0.9737347103733571
90,1,0.26243107318175884,-2.2218534266339764,-0.3055121233328233,-1.25653691168515
90,10,0.5142180490519258,0.0,0.0,-1.25653691168515
90,100,0.5446424005297987,-1.3726222263315804,-0.2264025114633733,-1.25653691168515
90,1000,0.5832708498484693,0.0,0.0,-1.25653691168515
91,1,0.11047991503280671,-0.03598954664884042,-0.021262315895272166,0.0986354191304275
91,10,0.596856050448133,0.28404138906963444,0.05234959188553523,0.0986354191304275
91,100,0.8242114012787932,0.12150863308256495,0.014699059610183252,0.0986354191304275
91,1000,0.7976955821942454,0.08540178086938088,0.006700180311465909,0.0986354191304275
92,1,-0.11213796368140645,-0.22934635759170777,-0.0591083086956119,-0.8401793046533349
92,10,0.46585545751431495,-1.249922145937757,-0.20215227101731714,-0.8401793046533349
92,100,0.49457613076087403,-1.0577296367533815,-0.1714216776435047,-0.8401793046533349
92,1000,0.5332846876021743,-0.9415792341779666,-0.18975035051126565,-0.8401793046533349
93,1,-0.3413072761313128,-2.183616157801703,-0.351106242399323,-1.434492383099067
93,10,0.2799532346359464,-2.2647852970294267,-0.20920193987866942,-1.434492383099067
93,100,0.25556744701648326,-2.378363691133666,-0.2199813836880501,-1.434492383099067
93,1000,0.2799532346359464,-2.2647852970294267,-0.20920193987866942,-1.434492383099067
94,1,0.2299097841118608,0.6190265648458766,0.15508706325021548,0.3421529091198219
94,10,0.790461012681351,0.34715628816995575,0.07092143211401436,0.3421529091198219
94,100,0.790461012681351,0.34715628816995575,0.07092143211401436,0.3421529091198219
94,1000,0.8618758899861504,0.3777770098998199,0.07900140195105654,0.3421529091198219
95,1,-0.09989907484806808,-0.8173360089932876,-0.17229451580595623,-0.45366244181979265
95,10,0.36772960362213003,0.5198710155593972,0.10664165902094802,-0.45366244181979265
95,100,0.8940984107287819,-0.44316748553785446,-0.10549750726277285,-0.45366244181979265
95,1000,0.8940984107287819,-0.44316748553785446,-0.10549750726277285,-0.45366244181979265
96,1,-0.8523529040404624,-0.21946778751763743,-0.05431529935101931,-0.2948401045952209
96,10,-0.4769824978853743,-0.4260502745587824,-0.09002106444410551,-0.2948401045952209
96,100,-0.6349853518200386,-0.4152477238031907,-0.08902336842340186,-0.2948401045952209
96,1000,-0.4769824978853743,-0.4260502745587824,-0.09002106444410551,-0.2948401045952209
97,1,-0.4224272600822621,0.6124399384797342,0.13301586461895187,-0.14215562416972988
97,10,-0.12158897734592787,0.7272265573290847,0.16417163881299213,-0.14215562416972988
97,100,-0.0024568608698920347,0.672138086963153,0.1489687154802286,-0.14215562416972988
97,1000,-0.0024568608698920347,0.672138086963153,0.1489687154802286,-0.14215562416972988
98,1,1.8557644859577012,2.054242653181313,0.7398804340357048,1.9720681120140202
98,10,1.8333288283684723,2.054242653181313,0.7398804340357048,1.9720681120140202
98,100,1.8897890460427018,2.0362911861789517,0.7227560904240653,1.9720681120140202
98,1000,1.8897890460427018,2.00261686370871,0.7067578709661684,1.9720681120140202
99,1,0.17126895594215458,-0.6645564871085022,-0.13689619153457677,-0.8745892285263414
99,10,0.1517917450723545,-0.8428547844410617,-0.1682713808223284,-0.8745892285263414
99,100,0.5285174617073292,-0.7500325652395348,-0.1583888038659368,-0.8745892285263414
99,1000,0.6821583174678421,-1.2341661862009454,-0.24855789491106328,-0.8745892285263414
