broker,stock,ma_return,hold_return,trades,invested
zerodha,ADANIENT,28.71936849685537,33.06313750966147,220,0.5780609922621757
zerodha,ADANIPORTS,1.39420859426808,3.6479726265284027,255,0.5653163404642695
zerodha,APOLLOHOSP,0.9128049883698037,6.761017072710458,264,0.5880746472462449
zerodha,ASIANPAINT,1.80070218828254,1.170734768689678,202,0.538916704597178
zerodha,AXISBANK,0.06712744949041971,1.2646055010413848,268,0.5721438324988621
zerodha,BAJAJ-AUTO,2.0325802603755863,2.9472906050057714,254,0.5780609922621757
zerodha,BAJAJFINSV,1.191575154837465,2.4248015575922577,266,0.5580336822940373
zerodha,BAJFINANCE,3.0353300329534028,4.5999436572345065,232,0.5648611743286299
zerodha,BHARTIARTL,-0.28262024318046386,3.245487625703282,302,0.5762403277196176
zerodha,BPCL,0.4119168464937766,1.0438929411169156,266,0.512061902594447
zerodha,BRITANNIA,0.7523145136087639,1.304929758563961,224,0.5348202093764224
zerodha,CIPLA,-0.2031036878344048,1.3458852373956685,288,0.5248065543923532
zerodha,COALINDIA,0.6438875488286355,2.2424916016063414,257,0.5284478834774693
zerodha,DIVISLAB,0.572718640937846,8.558294343216001,280,0.6017296313154301
zerodha,DRREDDY,0.4131533429721346,1.747873681230844,243,0.5329995448338644
zerodha,EICHERMOT,-0.04380857719188491,1.4675941643067811,272,0.538006372325899
zerodha,GRASIM,0.5514967049361932,1.6610039138410957,252,0.568502503413746
zerodha,HCLTECH,2.3386804329048774,2.7220661837054116,216,0.5753299954483386
zerodha,HDFCBANK,-0.3076466291864982,0.6800989435031077,278,0.5457441966317707
zerodha,HDFCLIFE,0.3662151346967295,0.5808773901587267,220,0.4811106053709604
zerodha,HEROMOTOCO,0.4760873584867815,0.8931102533369528,246,0.4997724169321802
zerodha,HINDALCO,1.5607983319321868,2.8368314807049786,242,0.568502503413746
zerodha,HINDUNILVR,0.5552664027835983,0.6476260460827106,230,0.4906690942193901
zerodha,ICICIBANK,0.4955657545127925,3.296273340239468,286,0.5607646791078744
zerodha,INDUSINDBK,-0.3720654314139372,-0.4297637836678939,284,0.5434683659535731
zerodha,INFY,0.2569509150959315,1.669439255893669,246,0.5776058261265362
zerodha,ITC,-0.02881026445525392,0.527386990801243,257,0.49567592171142466
zerodha,JSWSTEEL,0.2439683250575071,4.099277342669401,292,0.596267637687756
zerodha,KOTAKBANK,-0.5085786727077067,1.0446114697825313,277,0.5461993627674101
zerodha,LT,0.9707259468343581,2.4864179187142965,232,0.5575785161583978
zerodha,M&M,0.9308293529065239,3.3812318204619363,246,0.566681838871188
zerodha,MARUTI,-0.05903306479076631,0.5007784967532471,240,0.5211652253072372
zerodha,NESTLEIND,0.26377621559694897,2.773812312122695,278,0.5839781520254893
zerodha,NTPC,0.7939740351402043,2.0450018398649186,266,0.5134274010013655
zerodha,ONGC,0.2927825697754016,1.0312763768604851,244,0.5325443786982249
zerodha,POWERGRID,-0.20958432285026063,2.378089723281887,286,0.536185707783341
zerodha,RELIANCE,0.667947641297,1.95541477721072,258,0.5325443786982249
zerodha,SBILIFE,-0.12580988358042933,1.6368848420564746,272,0.5753299954483386
zerodha,SBIN,2.030005268479104,2.127943290565677,214,0.5662266727355485
zerodha,SHREECEM,0.21968375861923928,0.2428827611441784,236,0.5197997269003186
zerodha,SUNPHARMA,1.0116109097974015,2.721328544158378,234,0.5575785161583978
zerodha,TATACONSUM,1.0850051417369286,2.948811130686944,254,0.5471096950386891
zerodha,TATASTEEL,0.9692036983682539,2.3833570666261075,260,0.5548475193445608
zerodha,TCS,0.11324024980074854,0.9406367971257139,240,0.5421028675466545
zerodha,TECHM,0.7176441468583254,3.291962104898767,276,0.5807919890760127
zerodha,TITAN,2.790075120281402,5.003682301706828,196,0.6008192990441511
zerodha,ULTRACEMCO,0.6009459139557702,1.6859199982619453,234,0.5461993627674101
zerodha,WIPRO,1.1957577745941963,0.6217021380342873,240,0.5184342284934
groww,ADANIENT,26.962160213270483,33.05527995021486,220,0.5780609922621757
groww,ADANIPORTS,1.2313483345022758,3.6468679186253983,255,0.5653163404642695
groww,APOLLOHOSP,0.7777340730816871,6.759191525602644,264,0.5880746472462449
groww,ASIANPAINT,1.6481720615757394,1.1702196867362824,202,0.538916704597178
groww,AXISBANK,-0.009396267989058127,1.26407312116101,268,0.5721438324988621
groww,BAJAJ-AUTO,1.8260931916658398,2.9463680606869405,254,0.5780609922621757
groww,BAJAJFINSV,1.035494449246562,2.4239992024985275,266,0.5580336822940373
groww,BAJFINANCE,2.783656186167721,4.598633634707608,232,0.5648611743286299
groww,BHARTIARTL,-0.3402933436340093,3.24448276674374,302,0.5762403277196176
groww,BPCL,0.31138832469975997,1.0434104402500965,266,0.512061902594447
groww,BRITANNIA,0.6467257771859043,1.3043866538647975,224,0.5348202093764224
groww,CIPLA,-0.2643747545274404,1.345327001011705,288,0.5248065543923532
groww,COALINDIA,0.5311510078398554,2.2417407576908723,257,0.5284478834774693
groww,DIVISLAB,0.45509816729068686,8.556093965925749,280,0.6017296313154301
groww,DRREDDY,0.32104496802401394,1.7472106504683378,243,0.5329995448338644
groww,EICHERMOT,-0.11330503688560578,1.4670098290244789,272,0.538006372325899
groww,GRASIM,0.4468086390262238,1.6603781250284122,252,0.568502503413746
groww,HCLTECH,2.144707113679605,2.7211889799858713,216,0.5753299954483386
groww,HDFCBANK,-0.3588853176241983,0.6797046931041664,278,0.5457441966317707
groww,HDFCLIFE,0.2852961623954162,0.580515172632635,220,0.4811106053709604
groww,HEROMOTOCO,0.3787461492440549,0.892666308187041,246,0.4997724169321802
groww,HINDALCO,1.3945747661286458,2.8359339381579503,242,0.568502503413746
groww,HINDUNILVR,0.4591113052373843,0.647235627813052,230,0.4906690942193901
groww,ICICIBANK,0.3814765331433432,3.2952373160206596,286,0.5607646791078744
groww,INDUSINDBK,-0.41967815027677025,-0.4298970962693458,284,0.5434683659535731
groww,INFY,0.17399887831327487,1.6688016819815266,246,0.5776058261265362
groww,ITC,-0.09541501141968722,0.5270277717316674,257,0.49567592171142466
groww,JSWSTEEL,0.14712091451812026,4.098069534333656,292,0.596267637687756
groww,KOTAKBANK,-0.544953675092553,1.0441364324192142,277,0.5461993627674101
groww,LT,0.847954464574761,2.4855988403266105,232,0.5575785161583978
groww,M&M,0.8033466495761061,3.3801901795713807,246,0.566681838871188
groww,MARUTI,-0.11965218721935478,0.5004271490727248,240,0.5211652253072372
groww,NESTLEIND,0.1699659041194721,2.7729246093186486,278,0.5839781520254893
groww,NTPC,0.6661305543807365,2.0442939412187515,266,0.5134274010013655
groww,ONGC,0.20807169383626967,1.0308028326659198,244,0.5325443786982249
groww,POWERGRID,-0.26992458865204594,2.377292311607326,286,0.536185707783341
groww,RELIANCE,0.5526196403443053,1.9547232651911637,258,0.5325443786982249
groww,SBILIFE,-0.1893296098116678,1.636263589198986,272,0.5753299954483386
groww,SBIN,1.8552667599790285,2.127194218801528,214,0.5662266727355485
groww,SHREECEM,0.14243889512225705,0.24257605534709104,236,0.5197997269003186
groww,SUNPHARMA,0.8850895678932409,2.7204493519292288,234,0.5575785161583978
groww,TATACONSUM,0.9430890600752482,2.947929071398001,254,0.5471096950386891
groww,TATASTEEL,0.8321237292637307,2.3825587279218516,260,0.5548475193445608
groww,TCS,0.0415005632049017,0.9401776086311657,240,0.5421028675466545
groww,TECHM,0.5910344469617099,3.290931494273611,276,0.5807919890760127
groww,TITAN,2.589295410396294,5.00225949083162,196,0.6008192990441511
groww,ULTRACEMCO,0.5003093751897791,1.6852723367882159,234,0.5461993627674101
groww,WIPRO,1.0543278594456806,0.6213179187128102,240,0.5184342284934
