config,stock,full,second_half,trades,invested
buy and hold,ADANIENT,33.06313750966147,0.2269260247197853,1,1.0
"prices only, threshold 0",ADANIENT,3.22521118288618,-0.24429560979276332,971,0.5616750113791534
"prices only, threshold 0.25%",ADANIENT,1.3111167186247052,0.08814460923039857,938,0.39235320892125625
"prices+volume, threshold 0",ADANIENT,2.565879344452656,-0.2323696220535595,855,0.5252617205279927
"prices+volume, threshold 0.25%",ADANIENT,0.6611259413627244,-0.13324605224565866,845,0.3718707328174784
buy and hold,ADANIPORTS,3.6479726265284027,1.127661680223143,1,1.0
"prices only, threshold 0",ADANIPORTS,-0.2720343688961132,-0.37041535259463665,1013,0.48429676832043694
"prices only, threshold 0.25%",ADANIPORTS,-0.4484888134365005,-0.3717124445976687,873,0.2853891670459718
"prices+volume, threshold 0",ADANIPORTS,-0.677663525978037,-0.5380389831386954,946,0.5052344105598543
"prices+volume, threshold 0.25%",ADANIPORTS,-0.4029257483693003,-0.4827330957247795,766,0.29904415111515703
buy and hold,APOLLOHOSP,6.761017072710458,0.8802218147756238,1,1.0
"prices only, threshold 0",APOLLOHOSP,-0.43133273828607754,-0.19174299430006503,1021,0.5662266727355485
"prices only, threshold 0.25%",APOLLOHOSP,-0.6639473431619065,-0.37360398814750095,1053,0.35548475193445606
"prices+volume, threshold 0",APOLLOHOSP,-0.2989327337346688,-0.17157558574221077,933,0.5766954938552572
"prices+volume, threshold 0.25%",APOLLOHOSP,-0.17399219516906794,-0.35063782292371715,875,0.3418297678652708
buy and hold,ASIANPAINT,1.170734768689678,-0.22559237835694224,1,1.0
"prices only, threshold 0",ASIANPAINT,-0.5888394754039574,-0.6711541852011951,1090,0.566681838871188
"prices only, threshold 0.25%",ASIANPAINT,-0.7429578444841848,-0.6493958314194731,962,0.29221665908056443
"prices+volume, threshold 0",ASIANPAINT,-0.604018012980162,-0.5734752880975293,961,0.5748748293126992
"prices+volume, threshold 0.25%",ASIANPAINT,-0.6447839743263145,-0.45582868875863936,786,0.2794720072826582
buy and hold,AXISBANK,1.2646055010413848,0.688663867030143,1,1.0
"prices only, threshold 0",AXISBANK,-0.4954219062984271,-0.23287553811549733,1069,0.5216203914428766
"prices only, threshold 0.25%",AXISBANK,-0.8189020481374318,-0.49789994212568633,870,0.28220300409649524
"prices+volume, threshold 0",AXISBANK,-0.14879958008602623,-0.41824510277448523,996,0.46745562130177515
"prices+volume, threshold 0.25%",AXISBANK,-0.04439118537693598,-0.3581495117747273,746,0.23850705507510242
buy and hold,BAJAJ-AUTO,2.9472906050057714,2.10079089293476,1,1.0
"prices only, threshold 0",BAJAJ-AUTO,0.1109521184654716,0.435898115328184,974,0.5002275830678198
"prices only, threshold 0.25%",BAJAJ-AUTO,-0.3979034825142226,-0.10063696005293832,772,0.23987255348202094
"prices+volume, threshold 0",BAJAJ-AUTO,-0.5885897969573671,-0.3983692181504116,1012,0.4902139280837506
"prices+volume, threshold 0.25%",BAJAJ-AUTO,-0.39657519065776936,-0.25557894454765373,694,0.22894856622667273
buy and hold,BAJAJFINSV,2.4248015575922577,0.17427247943780833,1,1.0
"prices only, threshold 0",BAJAJFINSV,-0.2680976243968852,-0.26419179812022586,1051,0.5867091488393263
"prices only, threshold 0.25%",BAJAJFINSV,-0.2099499896197886,-0.07521860925346802,1011,0.35593991807009556
"prices+volume, threshold 0",BAJAJFINSV,0.22210272753990545,-0.4418539341882519,949,0.5771506599908967
"prices+volume, threshold 0.25%",BAJAJFINSV,-0.20405258430328577,-0.14516955679453403,866,0.33909877105143377
buy and hold,BAJFINANCE,4.5999436572345065,0.5011990715743888,1,1.0
"prices only, threshold 0",BAJFINANCE,-0.5281942054890677,-0.25811589775999555,937,0.6003641329085116
"prices only, threshold 0.25%",BAJFINANCE,-0.6175956028186352,-0.25060568607087175,956,0.36595357305416476
"prices+volume, threshold 0",BAJFINANCE,-0.1874999489730541,-0.49100413127806053,945,0.5584888484296768
"prices+volume, threshold 0.25%",BAJFINANCE,-0.4218214394045888,-0.5079902759249681,876,0.325898953117888
buy and hold,BHARTIARTL,3.245487625703282,1.4874216322966611,1,1.0
"prices only, threshold 0",BHARTIARTL,-0.55532957532866,0.3308275279077686,922,0.49522075557578515
"prices only, threshold 0.25%",BHARTIARTL,-0.7126746539888302,-0.2893644513882937,756,0.267637687756031
"prices+volume, threshold 0",BHARTIARTL,-0.5358938773329738,0.1315360130806451,959,0.5097860719162495
"prices+volume, threshold 0.25%",BHARTIARTL,-0.32534429103182705,-0.1401371690283768,832,0.29176149294492487
buy and hold,BPCL,1.0438929411169156,0.958140232665611,1,1.0
"prices only, threshold 0",BPCL,-0.5311337736190275,-0.10088049515643305,1026,0.4456076467910787
"prices only, threshold 0.25%",BPCL,-0.6069206642645668,0.017225751037280856,726,0.23850705507510242
"prices+volume, threshold 0",BPCL,-0.6444851900095463,-0.31856092147232895,953,0.42922166590805644
"prices+volume, threshold 0.25%",BPCL,-0.22268527549595984,-0.04107527494594254,705,0.25307237141556665
buy and hold,BRITANNIA,1.304929758563961,0.5741732052031518,1,1.0
"prices only, threshold 0",BRITANNIA,-0.5675223771327278,-0.17413008025643628,1008,0.6108329540282204
"prices only, threshold 0.25%",BRITANNIA,-0.6379052068637403,-0.4086128869496235,904,0.30131998179335456
"prices+volume, threshold 0",BRITANNIA,-0.6832782663793528,-0.40054419704124833,936,0.6294947655894402
"prices+volume, threshold 0.25%",BRITANNIA,-0.7553053291336124,-0.5715451036618816,898,0.31042330450614475
buy and hold,CIPLA,1.3458852373956685,0.42520353158259283,1,1.0
"prices only, threshold 0",CIPLA,-0.2512109519176642,-0.3930337516695195,1103,0.4829312699135184
"prices only, threshold 0.25%",CIPLA,-0.5475990103289639,-0.3025357046863302,857,0.2594446973145198
"prices+volume, threshold 0",CIPLA,-0.2891701069445338,-0.42036953314070746,975,0.515703231679563
"prices+volume, threshold 0.25%",CIPLA,-0.11418583740100174,-0.27959125704695365,691,0.24396904870277653
buy and hold,COALINDIA,2.2424916016063414,2.147193922363277,1,1.0
"prices only, threshold 0",COALINDIA,-0.535403379824328,-0.3231980374843726,1005,0.4820209376422394
"prices only, threshold 0.25%",COALINDIA,-0.45127278668361437,-0.3987358263681374,776,0.25580336822940375
"prices+volume, threshold 0",COALINDIA,-0.6217792709143457,-0.11852899950765683,906,0.4820209376422394
"prices+volume, threshold 0.25%",COALINDIA,-0.32429250145994604,-0.3790640941985509,738,0.270368684569868
buy and hold,DIVISLAB,8.558294343216001,1.102220885239844,1,1.0
"prices only, threshold 0",DIVISLAB,-0.3599793938630196,-0.40802610658422855,991,0.5889849795175239
"prices only, threshold 0.25%",DIVISLAB,-0.3684568246968737,-0.4497874985263892,951,0.3304506144742831
"prices+volume, threshold 0",DIVISLAB,-0.29121415237184656,-0.2599626356382386,981,0.5735093309057806
"prices+volume, threshold 0.25%",DIVISLAB,-0.6546474427947455,-0.5543227577907752,923,0.30905780609922623
buy and hold,DRREDDY,1.747873681230844,0.5077625865588613,1,1.0
"prices only, threshold 0",DRREDDY,-0.7318724294108301,-0.6106739501743803,1036,0.5530268548020028
"prices only, threshold 0.25%",DRREDDY,-0.7224856731976881,-0.4930523268460266,854,0.2808375056895767
"prices+volume, threshold 0",DRREDDY,-0.7050131859054318,-0.22186177689511777,999,0.5220755575785162
"prices+volume, threshold 0.25%",DRREDDY,-0.5879567947336433,-0.20159789437433673,764,0.25443786982248523
buy and hold,EICHERMOT,1.4675941643067811,1.8974568525709437,1,1.0
"prices only, threshold 0",EICHERMOT,-0.5961448124620425,0.11990101258456143,1014,0.434228493400091
"prices only, threshold 0.25%",EICHERMOT,-0.6351622280061353,-0.13631908198186127,784,0.2380518889394629
"prices+volume, threshold 0",EICHERMOT,-0.4058809859994018,-0.26873292194225384,954,0.4078288575329995
"prices+volume, threshold 0.25%",EICHERMOT,-0.07131824820306831,0.07955034872994138,722,0.22394173873463813
buy and hold,GRASIM,1.6610039138410957,0.8165885064661578,1,1.0
"prices only, threshold 0",GRASIM,-0.7028409145941117,-0.15471483529748165,1096,0.45835229858898496
"prices only, threshold 0.25%",GRASIM,-0.5510267101582097,-0.12366311504668037,746,0.21438324988620847
"prices+volume, threshold 0",GRASIM,-0.4977829894578859,-0.4125446802088045,924,0.42375967228038236
"prices+volume, threshold 0.25%",GRASIM,-0.4156916709788476,-0.29172239976422587,602,0.18570778334091945
buy and hold,HCLTECH,2.7220661837054116,0.3406842470402629,1,1.0
"prices only, threshold 0",HCLTECH,-0.2449430694921817,-0.4621428123054915,994,0.5725989986345016
"prices only, threshold 0.25%",HCLTECH,-0.7545268060164343,-0.5661309331335074,954,0.3158852981338188
"prices+volume, threshold 0",HCLTECH,-0.6854405664568716,-0.6497245734407583,1006,0.5357305416477014
"prices+volume, threshold 0.25%",HCLTECH,-0.4521233037515052,-0.3815132854288381,824,0.2658170232134729
buy and hold,HDFCBANK,0.6800989435031077,0.07309886088796858,1,1.0
"prices only, threshold 0",HDFCBANK,-0.6146732147241087,-0.5568956851184849,1073,0.5512061902594447
"prices only, threshold 0.25%",HDFCBANK,-0.46135541163223703,-0.4106474160672411,735,0.21756941283568504
"prices+volume, threshold 0",HDFCBANK,-0.4984607298767061,-0.5675883746248743,1005,0.5384615384615384
"prices+volume, threshold 0.25%",HDFCBANK,-0.5270077437349621,-0.5096623866888208,681,0.21756941283568504
buy and hold,HDFCLIFE,0.5808773901587267,-0.06966142039032519,1,1.0
"prices only, threshold 0",HDFCLIFE,-0.8308589260111962,-0.6513976376060672,984,0.5471096950386891
"prices only, threshold 0.25%",HDFCLIFE,-0.7279656933961709,-0.5390026004052517,844,0.29631315430132
"prices+volume, threshold 0",HDFCLIFE,-0.7045783078705576,-0.5041598784579162,968,0.567592171142467
"prices+volume, threshold 0.25%",HDFCLIFE,-0.661146398826064,-0.5217938650420715,812,0.2872098315885298
buy and hold,HEROMOTOCO,0.8931102533369528,1.3825820210798683,1,1.0
"prices only, threshold 0",HEROMOTOCO,-0.4602077871972502,0.403949649486967,1030,0.4547109695038689
"prices only, threshold 0.25%",HEROMOTOCO,-0.3407815621935658,-0.04444761055589819,728,0.21438324988620847
"prices+volume, threshold 0",HEROMOTOCO,0.018331760485424287,0.2904058426262579,942,0.4355939918070096
"prices+volume, threshold 0.25%",HEROMOTOCO,0.5212532950203372,0.1164864465285651,668,0.22439690487027766
buy and hold,HINDALCO,2.8368314807049786,1.0039698157405628,1,1.0
"prices only, threshold 0",HINDALCO,-0.5833116495510696,-0.2997455729004883,1092,0.4970414201183432
"prices only, threshold 0.25%",HINDALCO,-0.6112739583030486,-0.19916547158068076,958,0.3086026399635867
"prices+volume, threshold 0",HINDALCO,-0.1750191349469047,-0.2038747720582189,996,0.48384160218479744
"prices+volume, threshold 0.25%",HINDALCO,-0.3547639399152961,-0.2824577456073333,822,0.3054164770141102
buy and hold,HINDUNILVR,0.6476260460827106,-0.10661300474154067,1,1.0
"prices only, threshold 0",HINDUNILVR,-0.6057934457300893,-0.6314422781005892,961,0.5771506599908967
"prices only, threshold 0.25%",HINDUNILVR,-0.4667918750816211,-0.4133299200508884,873,0.2762858443331816
"prices+volume, threshold 0",HINDUNILVR,-0.5913895697594314,-0.5782067215911731,1015,0.5443786982248521
"prices+volume, threshold 0.25%",HINDUNILVR,-0.4483380675110422,-0.42118981053928917,731,0.21802457897132455
buy and hold,ICICIBANK,3.296273340239468,0.8687512271888498,1,1.0
"prices only, threshold 0",ICICIBANK,-0.5995418443044735,-0.45538786150193156,1007,0.48520710059171596
"prices only, threshold 0.25%",ICICIBANK,-0.5132781675756343,-0.20430136305780344,725,0.2371415566681839
"prices+volume, threshold 0",ICICIBANK,-0.11386625201596345,-0.19477804449232383,941,0.4701866181156122
"prices+volume, threshold 0.25%",ICICIBANK,-0.43234464643975334,-0.29118703093153053,679,0.22803823395539372
buy and hold,INDUSINDBK,-0.4297637836678939,-0.10120662840013239,1,1.0
"prices only, threshold 0",INDUSINDBK,-0.4971333685544369,-0.4812631448936132,1017,0.5011379153390988
"prices only, threshold 0.25%",INDUSINDBK,-0.7671496284514322,-0.6122823881803734,859,0.270368684569868
"prices+volume, threshold 0",INDUSINDBK,-0.6805565900595542,-0.5268573925562972,995,0.44697314519799725
"prices+volume, threshold 0.25%",INDUSINDBK,-0.6150443611831594,-0.4637498399707547,748,0.2503413746017296
buy and hold,INFY,1.669439255893669,-0.24634250191143026,1,1.0
"prices only, threshold 0",INFY,-0.20736122155873193,-0.46782641986779183,992,0.6162949476558944
"prices only, threshold 0.25%",INFY,-0.6237968082011975,-0.59517472331181,990,0.32680928538916704
"prices+volume, threshold 0",INFY,-0.3975946273560551,-0.46816798242681046,983,0.6003641329085116
"prices+volume, threshold 0.25%",INFY,-0.4262790505225802,-0.41812237672660235,916,0.31133363677742376
buy and hold,ITC,0.527386990801243,0.26732960214881474,1,1.0
"prices only, threshold 0",ITC,-0.6964726610402974,-0.35464030155903803,981,0.512061902594447
"prices only, threshold 0.25%",ITC,-0.5395161877352114,-0.21714632665594502,691,0.21847974510696405
"prices+volume, threshold 0",ITC,-0.44586511309817667,-0.1732080993245354,969,0.4706417842512517
"prices+volume, threshold 0.25%",ITC,-0.4162829027353552,-0.28244533047758213,699,0.20710059171597633
buy and hold,JSWSTEEL,4.099277342669401,0.7757296763474872,1,1.0
"prices only, threshold 0",JSWSTEEL,0.44805122951587073,-0.30848995332758,982,0.46609012289485663
"prices only, threshold 0.25%",JSWSTEEL,0.19777050620254544,-0.3232771017017356,766,0.26308602639963585
"prices+volume, threshold 0",JSWSTEEL,-0.2720612033562354,-0.4708092113171888,959,0.4715521165225307
"prices+volume, threshold 0.25%",JSWSTEEL,-0.4140216722020732,-0.4643869643469999,712,0.24123805188893946
buy and hold,KOTAKBANK,1.0446114697825313,0.178604753469372,1,1.0
"prices only, threshold 0",KOTAKBANK,-0.6639069126267003,-0.5355515503920918,981,0.5707783340919436
"prices only, threshold 0.25%",KOTAKBANK,-0.7897643265697041,-0.5736520015469948,845,0.27446517979062357
"prices+volume, threshold 0",KOTAKBANK,-0.6745704605189231,-0.5524425524662782,983,0.5034137460172963
"prices+volume, threshold 0.25%",KOTAKBANK,-0.40145640547346473,-0.3535076409817248,813,0.2535275375512062
buy and hold,LT,2.4864179187142965,1.3494030359610094,1,1.0
"prices only, threshold 0",LT,-0.3678821132545226,-0.15422510829278013,1089,0.5307237141556668
"prices only, threshold 0.25%",LT,-0.29673932512812273,-0.24415030028940266,952,0.29449248975876197
"prices+volume, threshold 0",LT,-0.4784422293314503,0.0306645848899596,963,0.5521165225307237
"prices+volume, threshold 0.25%",LT,-0.3219808688785303,0.14564530876723358,807,0.2849340009103323
buy and hold,M&M,3.3812318204619363,2.248673213891068,1,1.0
"prices only, threshold 0",M&M,-0.49024801465362633,-0.012709871038710574,1008,0.5125170687300865
"prices only, threshold 0.25%",M&M,-0.4950514274850025,-0.11701584467117387,884,0.29312699135184345
"prices+volume, threshold 0",M&M,-0.6782817388635806,0.02386614563088063,922,0.5343650432407829
"prices+volume, threshold 0.25%",M&M,-0.5857276861496774,-0.13424230470792564,812,0.29267182521620394
buy and hold,MARUTI,0.5007784967532471,0.5817054867868292,1,1.0
"prices only, threshold 0",MARUTI,-0.7490132865362509,-0.3195374134887371,1070,0.4751934456076468
"prices only, threshold 0.25%",MARUTI,-0.5828883326127416,-0.2726136812443397,744,0.22394173873463813
"prices+volume, threshold 0",MARUTI,-0.8498951154187283,-0.4961816386735103,1019,0.44014565316340465
"prices+volume, threshold 0.25%",MARUTI,-0.6663763679089187,-0.23362683430993214,650,0.19617660446062812
buy and hold,NESTLEIND,2.773812312122695,0.4709951423633765,1,1.0
"prices only, threshold 0",NESTLEIND,0.10110216454025656,-0.22727886477350745,966,0.6181156121984525
"prices only, threshold 0.25%",NESTLEIND,-0.41855027583414994,-0.3357134674034449,908,0.32134729176149296
"prices+volume, threshold 0",NESTLEIND,0.25956597678560334,-0.18192085741952946,875,0.6340464269458352
"prices+volume, threshold 0.25%",NESTLEIND,-0.683164039943765,-0.4818302495317911,837,0.3522985889849795
buy and hold,NTPC,2.0450018398649186,1.3421892241999758,1,1.0
"prices only, threshold 0",NTPC,-0.27897549464393745,0.46506823363708927,1001,0.49567592171142466
"prices only, threshold 0.25%",NTPC,-0.3454874616553357,-0.0440733430166802,755,0.2380518889394629
"prices+volume, threshold 0",NTPC,-0.17966189338259986,0.3014117715007425,961,0.4742831133363678
"prices+volume, threshold 0.25%",NTPC,-0.4980667380933439,-0.2094485353417076,695,0.2262175694128357
buy and hold,ONGC,1.0312763768604851,0.8544304916288907,1,1.0
"prices only, threshold 0",ONGC,-0.5867735228449538,-0.4369093127236894,981,0.5070550751024124
"prices only, threshold 0.25%",ONGC,-0.6363753868643808,-0.5502408884400338,865,0.30905780609922623
"prices+volume, threshold 0",ONGC,-0.6412857205668028,-0.42424328172733494,967,0.4806554392353209
"prices+volume, threshold 0.25%",ONGC,-0.5762069128836226,-0.44774265470552965,775,0.2753755120619026
buy and hold,POWERGRID,2.378089723281887,0.776793176034765,1,1.0
"prices only, threshold 0",POWERGRID,-0.1076379648413407,-0.08387448991242896,1040,0.5293582157487483
"prices only, threshold 0.25%",POWERGRID,-0.47428885300632473,-0.46908333428915283,788,0.24533454710969504
"prices+volume, threshold 0",POWERGRID,-0.3237929833978058,-0.11326675995024393,948,0.5248065543923532
"prices+volume, threshold 0.25%",POWERGRID,-0.6253921742995667,-0.4581257101668197,754,0.2380518889394629
buy and hold,RELIANCE,1.95541477721072,-0.057900918671236146,1,1.0
"prices only, threshold 0",RELIANCE,-0.0462133915213373,-0.4219308730909177,994,0.5443786982248521
"prices only, threshold 0.25%",RELIANCE,-0.26464168984773917,-0.2520326298826334,866,0.3045061447428311
"prices+volume, threshold 0",RELIANCE,-0.533700528372204,-0.5904111657979717,968,0.5557578516158398
"prices+volume, threshold 0.25%",RELIANCE,-0.5069819001772493,-0.5212824181334328,802,0.29904415111515703
buy and hold,SBILIFE,1.6368848420564746,0.5931274101582225,1,1.0
"prices only, threshold 0",SBILIFE,-0.35550982560529265,-0.28759308287162966,1028,0.5243513882567137
"prices only, threshold 0.25%",SBILIFE,-0.19378588580306533,-0.2507070332859731,808,0.25534820209376424
"prices+volume, threshold 0",SBILIFE,-0.3470417419381471,-0.33862610643879776,961,0.5653163404642695
"prices+volume, threshold 0.25%",SBILIFE,-0.6605647553992957,-0.39949907660775497,875,0.29267182521620394
buy and hold,SBIN,2.127943290565677,1.1329610948854691,1,1.0
"prices only, threshold 0",SBIN,-0.0722796845888215,-0.16555130405979712,961,0.4865725989986345
"prices only, threshold 0.25%",SBIN,-0.5340158974614185,-0.4397705270228245,827,0.2699135184342285
"prices+volume, threshold 0",SBIN,-0.5499858876978188,-0.5152961975043269,923,0.42922166590805644
"prices+volume, threshold 0.25%",SBIN,-0.573876353001632,-0.4930689590988675,636,0.21483841602184797
buy and hold,SHREECEM,0.2428827611441784,-0.14542372907085288,1,1.0
"prices only, threshold 0",SHREECEM,-0.7126692957649737,-0.4641483840552898,1067,0.4997724169321802
"prices only, threshold 0.25%",SHREECEM,-0.5490096295620593,-0.27964463000460427,822,0.24487938097405554
"prices+volume, threshold 0",SHREECEM,-0.3128838184554783,-0.35327841598516563,1016,0.4911242603550296
"prices+volume, threshold 0.25%",SHREECEM,-0.4574820001889527,-0.2755133175881034,804,0.2612653618570778
buy and hold,SUNPHARMA,2.721328544158378,1.0090534376612155,1,1.0
"prices only, threshold 0",SUNPHARMA,-0.5252370262600407,-0.1417997303433033,980,0.5061447428311333
"prices only, threshold 0.25%",SUNPHARMA,-0.3789830339056449,-0.30692212357015947,836,0.26308602639963585
"prices+volume, threshold 0",SUNPHARMA,-0.07851170942742036,-0.2130547187949684,951,0.5243513882567137
"prices+volume, threshold 0.25%",SUNPHARMA,-0.479924113473408,-0.3668126458829756,721,0.24305871643149748
buy and hold,TATACONSUM,2.948811130686944,0.20582004110651542,1,1.0
"prices only, threshold 0",TATACONSUM,-0.3770469864432018,-0.27389232073485725,1075,0.5562130177514792
"prices only, threshold 0.25%",TATACONSUM,-0.5491125584249004,-0.3456692869716518,990,0.32180245789713247
"prices+volume, threshold 0",TATACONSUM,-0.45835736934637283,-0.3071027299084027,964,0.5106964041875285
"prices+volume, threshold 0.25%",TATACONSUM,-0.5956724870673198,-0.30400685192434107,794,0.28174783796085573
buy and hold,TATASTEEL,2.3833570666261075,0.5949124641840593,1,1.0
"prices only, threshold 0",TATASTEEL,-0.14088478626093115,-0.4663033455554524,1001,0.48839326354119256
"prices only, threshold 0.25%",TATASTEEL,0.7135366629829463,-0.09475267668373177,839,0.2949476558944015
"prices+volume, threshold 0",TATASTEEL,-0.00456551995237775,-0.45272952101870156,919,0.49567592171142466
"prices+volume, threshold 0.25%",TATASTEEL,-0.19581275848152646,-0.3779769169183732,814,0.2885753299954483
buy and hold,TCS,0.9406367971257139,-0.3154179878830816,1,1.0
"prices only, threshold 0",TCS,-0.24572811102965775,-0.282439221806295,934,0.6067364588074647
"prices only, threshold 0.25%",TCS,-0.32428449058686193,-0.3487427682106734,852,0.31042330450614475
"prices+volume, threshold 0",TCS,-0.26859198040983456,-0.6428844524112869,878,0.569412835685025
"prices+volume, threshold 0.25%",TCS,-0.2634220356710023,-0.37291385988836523,800,0.3067819754210287
buy and hold,TECHM,3.291962104898767,0.47041796163852423,1,1.0
"prices only, threshold 0",TECHM,-0.23262728250413878,-0.4013130429560131,928,0.6199362767410105
"prices only, threshold 0.25%",TECHM,-0.4549118330589955,-0.42039564916436134,966,0.38416021847974513
"prices+volume, threshold 0",TECHM,-0.11362157343184676,-0.09725666141253109,888,0.6272189349112426
"prices+volume, threshold 0.25%",TECHM,-0.2827791267169366,-0.14403664563888796,920,0.38233955393718705
buy and hold,TITAN,5.003682301706828,0.9506526375332409,1,1.0
"prices only, threshold 0",TITAN,-0.058042648511765216,0.06813426706201242,972,0.5735093309057806
"prices only, threshold 0.25%",TITAN,-0.4353533910362881,-0.11030868227431245,1006,0.35912608101957216
"prices+volume, threshold 0",TITAN,0.319040224158339,0.32321771533031085,866,0.6299499317250796
"prices+volume, threshold 0.25%",TITAN,-0.4128238458209508,-0.21479699900041016,908,0.3422849340009103
buy and hold,ULTRACEMCO,1.6859199982619453,0.695399422333661,1,1.0
"prices only, threshold 0",ULTRACEMCO,-0.619366357141343,-0.3941926327817502,1045,0.5302685480200273
"prices only, threshold 0.25%",ULTRACEMCO,-0.7832545825656215,-0.4833376767109575,860,0.26627218934911245
"prices+volume, threshold 0",ULTRACEMCO,-0.637889877669455,-0.3353361103112802,1061,0.5061447428311333
"prices+volume, threshold 0.25%",ULTRACEMCO,-0.7105194134278175,-0.47231358217593566,770,0.23987255348202094
buy and hold,WIPRO,0.6217021380342873,-0.2899070979104931,1,1.0
"prices only, threshold 0",WIPRO,-0.7599219804793415,-0.5241823787680527,1020,0.5402822030040965
"prices only, threshold 0.25%",WIPRO,-0.49474940432962333,-0.3042771953578678,832,0.2598998634501593
"prices+volume, threshold 0",WIPRO,-0.6526825185107037,-0.6323400524574047,962,0.5644060081929905
"prices+volume, threshold 0.25%",WIPRO,-0.5398530550693631,-0.4097984428407916,798,0.28402366863905326
