seed,fires,ma_return,oracle_return,oracle_free_return
0,32,-0.1358796914181869,-0.0009740389481411871,0.060779483769156206
1,29,-0.07174526379978707,0.04558853225008841,0.10574437178283214
2,30,-0.41361813526926317,-0.08113959018818906,-0.03008316003947953
3,36,0.0033706779847000323,-0.0008208019942278488,0.07159987756064745
4,43,0.1680153849724757,-0.07158783267769842,-0.00025866077099356843
5,37,0.04888344410469969,-0.07638487851764753,-0.009359265258518823
6,30,0.029066790054683267,0.037152543154316486,0.0924505191651197
7,22,-0.08845282250457964,0.03099566403040055,0.07303486956866578
8,28,-0.07880885630504197,-0.008307427147272284,0.04670585194529808
9,31,-0.1926956527360958,-0.029746535450978384,0.02407635646264472
10,33,-0.16185513778940575,-0.0044601069490427525,0.05919929638349197
11,37,0.09058249637500015,0.12950238321820184,0.2076197175647072
12,30,-0.22457738009035144,-0.005579517847133397,0.05274534951674714
13,31,-0.14837219208665398,-0.06469908794362045,-0.012790451520785395
14,33,-0.11955850232619303,0.026325637681170688,0.09410348215841435
15,32,-0.002991875412743372,0.03514481971228456,0.09474355592243655
16,18,-0.3195918078162362,0.04089635252075996,0.07683278914068414
17,35,0.16646524291876386,0.04791098886353495,0.12157072074741326
18,31,0.06398123721385285,0.034554335184704854,0.08972214258647582
19,22,0.09875882234257594,-0.06666269700130745,-0.0246319958912673
20,29,-0.2936387689815524,0.04984396972223082,0.11021978769236385
21,39,-0.118942271579914,0.10258360687911416,0.1847883358090241
22,38,-0.11078638018926845,-0.009902057417192967,0.06400448934448044
23,40,0.0687904870175946,-0.0845597328284653,-0.01225189633457302
24,52,0.18231706694531913,0.029376589094485928,0.13302163316875304
25,40,-0.1246529074130498,-0.008631889204356757,0.06429654469389612
26,27,-0.3975265149265117,-0.129379350675367,-0.08466065191862948
27,47,-0.002476819540168318,0.11689675659249099,0.21704977272906523
28,36,0.033754379267247225,-0.09728629459323157,-0.03561364825429569
29,41,0.1953449831940166,0.011489611530431931,0.0891158655216191
30,39,0.24822398229966636,-0.009176050907728106,0.06904172224066407
31,29,-0.042734597279669106,0.00927083733592693,0.060992389590319274
32,34,-0.21620613722324422,-0.14984425555556857,-0.09717125096880264
33,35,-0.24459039067199395,-0.05716733113127204,-0.0008511802675291724
34,28,-0.03983908154341409,0.05746846684115159,0.11381082478139959
35,40,-0.12457227067346122,-0.07110198062292206,0.0002780634908909896
36,28,-0.37478801623943836,-0.0009039897054510249,0.05237944148701312
37,27,-0.5067529455148754,-0.02859270813112924,0.021235387110436932
38,34,-0.39511879809814354,-0.05052002111729681,0.014294120150866174
39,43,0.019587243387882536,0.08680705875650885,0.17717208353506964
40,24,0.06876579351283252,-0.02417011367827293,0.01771896401270645
41,27,-0.0005645494397413797,0.019136987213371537,0.06923018148675508
42,26,-0.22719959430392878,-0.0043601443057744715,0.042503955172785934
43,39,-0.061553719325113776,-0.06065152798150131,0.009511716232108558
44,34,0.10092870850291691,-0.06514841065389021,-0.007324800370586582
45,35,-0.08521333817375953,0.08098564331883873,0.15233980694520954
46,26,0.08771037868076426,-0.06450990762307962,-0.0184746055028312
47,33,-3.8318423517536004e-06,-0.07698000915267345,-0.01591710865293705
48,34,-0.18085151422742063,-0.0891632990814819,-0.030852913574844876
49,38,-0.23965546113628977,-0.05800255493994777,0.014374594630430337
50,48,0.08677278149422252,-0.04192628527872433,0.046196497525391234
51,34,-0.3182039423780517,0.04221183228973113,0.10438965586489668
52,27,-0.16799566044376002,-0.13883904672595293,-0.09455571173213351
53,35,0.14094204444661407,0.021184934268795086,0.08862016745539725
54,36,-0.23551828224053273,-0.05677851086698216,0.007581329111093327
55,34,-0.3348052908683419,-0.16188269048187476,-0.10816486157523042
56,31,0.4149869732634617,-0.04178554026560366,0.017480733341386223
57,34,-0.2338970918524933,-0.028816660100126512,0.030225985906704222
58,41,-0.20983265848845156,-0.002987906011844288,0.07355841360070792
59,29,-0.26921189634984566,-0.05254146803464921,0.0020618150411442215
60,28,0.006158240950582261,-0.03723154068512946,0.018233624361840395
61,28,-0.1139200303666752,-0.08970297980981368,-0.04103835437450054
62,27,-0.01858042177042929,-0.027739754746746392,0.02620822941554235
63,37,-0.34036236574403345,-0.09854627875188915,-0.04466223627182131
64,26,-0.12709260572143433,-0.06290458222732742,-0.012847080967789748
65,40,0.06686527475682968,-0.05600762577386176,0.008427001763781305
66,38,0.15282160915506626,-0.0024048640428226964,0.0741774510167732
67,33,-0.0803555979897238,-0.03224191736274451,0.029649983510755984
68,36,0.015900714058646903,-0.002425355176030153,0.06772678604972593
69,27,-0.3312084010401809,0.024429261274971914,0.07692191234551249
70,41,-0.11543642938929255,0.051972600645793676,0.12817623752083795
71,36,-0.29047103960996823,-0.013337855667835075,0.05187533042990222
72,33,-0.1818090260840819,-0.027156259853186482,0.03507161193236641
73,29,-0.3193564939972804,-0.07932290612261061,-0.02429130403676305
74,40,-0.17083566744553547,-0.030615860919172566,0.04801441242389104
75,43,-0.17256117380286062,0.014583717379070382,0.10120917745605773
76,28,-0.056024642060146346,-0.07361535811555198,-0.020209349137918275
77,37,-0.06270970797862152,0.05659938061415337,0.12636694647672453
78,32,0.5753244667969013,0.0397050878983618,0.10392720171951253
79,36,-0.41168425803525976,-0.059598372568388625,0.0065921042792420614
80,40,0.03399246772125308,0.09041162672375713,0.17872615426312066
81,28,-0.44576958431259106,-0.060837327700407284,-0.006707306387058409
82,33,-0.026936243532868054,0.07663541074532354,0.13856034958482577
83,27,0.18323797424633392,-0.002169680233740423,0.05104949755497201
84,27,0.2470870496029529,-0.021287047944636317,0.026837894371284587
85,40,0.26863703868646027,-0.02237958699890974,0.05059225943291756
86,26,-0.12920512668498618,-0.08584819771836061,-0.038915948730475214
87,36,-0.17985722420959438,0.037657158669917035,0.10841921173830982
88,32,-0.38774924933235977,0.09450108114999467,0.1574179062243739
89,30,-0.08615689098327828,-0.0441791760776401,0.01091324840788288
90,29,0.14061631171962263,-0.05522418601975676,-0.002783056060216449
91,33,-0.1710696235655078,-0.07497432760217815,-0.013797277788927698
92,30,0.16458269597262087,0.00718274254297846,0.06517953561220247
93,27,-0.24504658314319505,-0.008690884913737928,0.04003714230787758
94,35,0.1679233224537826,-0.061616684662902044,0.002459458175537943
95,31,-0.09533564972842534,0.0766106103574955,0.14080721797726503
96,20,-0.12078448654357987,0.033426927087675695,0.0734120225907311
97,34,0.13910972319729353,0.101757555431637,0.16741671559464621
98,33,-0.22149454950149794,-0.022899399859985237,0.03337308754229884
99,41,-0.24838577689300934,-0.005761827857405422,0.0706026323623723
