seed,total_return,max_drawdown,sharpe,time_invested,trades,cost_paid,hold_return,hold_sharpe
0,-0.324587832343613,-0.36638550029007555,-0.9305274917136186,0.396,122,0.122,-0.4095518840849761,-0.7788720330684962
1,-0.354179850516986,-0.36561662673102663,-1.0551876245584124,0.378,122,0.122,-0.4485020696802017,-0.8797964165802651
2,-0.5083686714781284,-0.5110762763096904,-1.5950096343869822,0.453,168,0.168,-0.23789911145807296,-0.3456365383312595
3,0.08269515478157374,-0.2273864974691676,0.23152321521013156,0.524,127,0.127,0.4361838097074524,0.6532791329044763
4,-0.23319179991912886,-0.33375985894795074,-0.5407884783528067,0.481,136,0.136,-0.12248906426735862,-0.12424310288200326
5,0.14311115263828134,-0.1551799886224946,0.3548540400168828,0.495,108,0.108,-0.025257260958895356,0.038048774901619085
6,-0.41443125134221537,-0.4417518270453364,-1.2492882770740277,0.414,151,0.151,-0.16888494696876788,-0.218584223803335
7,-0.15077336954555076,-0.29689961528412273,-0.3950834642570658,0.38,103,0.10300000000000001,-0.5323985265468321,-1.2076897228502543
8,-0.09696692223174508,-0.2045057249683263,-0.1765685021857039,0.458,116,0.116,-0.2853636447632333,-0.4454586731991276
9,-0.09226783177022146,-0.23278485103730892,-0.16209094751975725,0.471,124,0.124,0.027409477727442955,0.12239588876179369
10,-0.11868712795571246,-0.2380354116803384,-0.260454207443901,0.444,109,0.109,-0.5204995877936025,-1.094224199519986
11,-0.22311006018826351,-0.33963984787018253,-0.5194490150850014,0.501,134,0.134,0.12196570779216609,0.2621166566653637
12,-0.2542176659613451,-0.337521771868058,-0.6057242474832176,0.485,132,0.132,0.09600223191433122,0.22560517662148669
13,-0.18861772112661657,-0.3102494349987278,-0.4025340540431199,0.493,128,0.128,0.10646959067811057,0.2391844459287458
14,-0.19751139853316058,-0.32344014195464,-0.4587433411655676,0.468,133,0.133,-0.13882796460918623,-0.1627585005812908
15,-0.19986351321740625,-0.2826608576593781,-0.4609060043708707,0.515,136,0.136,0.11174343969327127,0.25135539475744256
16,-0.21621288209696687,-0.2990317124185395,-0.5591426715904394,0.453,121,0.121,-0.22561088023964326,-0.3397068881917852
17,0.0035023595941805485,-0.2604203426655727,0.06538670018771031,0.497,115,0.115,0.06598133728465494,0.18082564343801308
18,-0.19003683139099392,-0.36814423110773487,-0.4369671858529919,0.435,125,0.125,-0.25784942753472484,-0.3808692283009417
19,-0.32745634691608905,-0.3976786301261668,-0.9266786878371199,0.427,131,0.131,-0.3541236434475502,-0.6322763790554923
20,-0.26146156247506036,-0.2648699057304572,-0.7138125573805312,0.386,117,0.117,-0.6096029023336257,-1.3835869776688365
21,-0.048676907817706394,-0.30133903201119916,-0.051196421828491746,0.562,149,0.149,0.5085267529331843,0.7513980197840072
22,0.00921138082068218,-0.1978059517203645,0.07626429599691559,0.484,113,0.113,-0.10675776591884611,-0.10153595143099946
23,-0.3081709974808542,-0.3626710683323788,-0.808689305122259,0.438,130,0.13,-0.35090489691531657,-0.6069068719520803
24,-0.21855182212878332,-0.23976656588815726,-0.49494624845358715,0.493,132,0.132,-0.07960020783320121,-0.049620299596278415
25,-0.13780583927467727,-0.3055710169093828,-0.2726078127097578,0.549,139,0.139,0.4487526586353552,0.6733434464134752
26,-0.16321638008894057,-0.23370566466911788,-0.3668738669192171,0.486,134,0.134,0.046348285575579906,0.15154801140502744
27,-0.1474470912741893,-0.3659668727355644,-0.27835880146195413,0.549,141,0.14100000000000001,0.39120732362932475,0.5993371982490087
28,0.004632468610117124,-0.31283059121747747,0.06548075744465252,0.461,119,0.11900000000000001,-0.12248884384294001,-0.1325143764340421
29,-0.3111565099177862,-0.3617157131518807,-0.8336075935506725,0.461,144,0.14400000000000002,-0.17807118544766465,-0.23102097013271827
30,-0.004175271630710187,-0.22602062959330613,0.04438799543241982,0.473,113,0.113,0.08664767617361524,0.21171285213704372
31,-0.1476236789940868,-0.2560014581431547,-0.2954808815429469,0.514,142,0.14200000000000002,0.09854701574982072,0.22672941065257984
32,-0.09415651894223687,-0.2826479125360164,-0.17019893582952506,0.478,116,0.116,-0.06814056699070803,-0.03317682207298604
33,-0.16093063933455565,-0.3134310470620195,-0.3618409928467145,0.508,133,0.133,0.041700830155458446,0.1440692396532791
34,-0.3143192053088125,-0.3343375718992092,-0.8883419461119084,0.416,120,0.12,-0.4202791861094409,-0.7982600710825903
35,0.24602228628346579,-0.20339049362668113,0.547982773128123,0.554,120,0.12,0.6974971542599606,0.9458641049059755
36,-0.11416836452913692,-0.2628645099299596,-0.2306856313627691,0.486,123,0.123,0.029901745345970898,0.12482373479501206
37,-0.13695675315563405,-0.26265646114999974,-0.3098450675017498,0.445,114,0.114,-0.3256486473752297,-0.5512754669456368
38,-0.25380813526211965,-0.389831607415897,-0.6471604669683378,0.479,155,0.155,0.07770819279933927,0.19991732907321497
39,0.08086611865358684,-0.2499628048231074,0.22634180887966954,0.528,109,0.109,0.2814355749995936,0.4775248389471287
40,-0.2355864842509522,-0.3695480156126673,-0.5368456609816029,0.459,124,0.124,-0.23700914987871036,-0.339761499889638
41,-0.3623415205233568,-0.39165170765403917,-0.9643849219779816,0.468,144,0.14400000000000002,-0.1788696802317442,-0.2271531136607931
42,-0.1842189805010228,-0.27220593996043185,-0.4552176129209682,0.418,111,0.111,-0.29325604164196184,-0.479133763835487
43,-0.16434854776848884,-0.2088077792299155,-0.3632873404401852,0.442,117,0.117,-0.22628833247669233,-0.32729744210117034
44,-0.10977844568797757,-0.2349734370182862,-0.1883444248475331,0.523,147,0.147,0.5794176518599083,0.8036265583204714
45,-0.268979284391626,-0.2836116849257854,-0.629911667951123,0.46,129,0.129,-0.22672415953456515,-0.3139690528127791
46,-0.1797616908379427,-0.2443812929298151,-0.39426120399677006,0.484,116,0.116,-0.039480399937045996,0.012099541260795486
47,-0.3279605547098914,-0.4197054707267927,-0.9592209201309628,0.411,134,0.134,-0.32261952122376925,-0.5694700999079553
48,0.19088923028054472,-0.1965306888756486,0.42940055830245544,0.522,113,0.113,0.3060955790625559,0.5004011129105073
49,0.13063099887528984,-0.17499178891189918,0.32782506660689087,0.556,135,0.135,0.7728138156813487,1.003826761076132
50,-0.2651926163103695,-0.30540961219610957,-0.645006677124789,0.523,158,0.158,0.05601440952901049,0.16613701670591424
51,-0.25189935678529185,-0.26645098739188267,-0.5582536307525476,0.486,145,0.145,0.05591415415021861,0.16567348544777225
52,-0.2219532138796506,-0.34892832375602967,-0.5440419133059888,0.439,118,0.11800000000000001,-0.2942337144585152,-0.48306605837502903
53,-0.16446787656898232,-0.2587468705585076,-0.3680662285997081,0.479,109,0.109,-0.11274424254868298,-0.11191312249242417
54,-0.18461268580997492,-0.3462280337811001,-0.4409250400441659,0.463,121,0.121,-0.10724594125709819,-0.1042128075343421
55,-0.33428024656793165,-0.47623202589817415,-0.8691880770205835,0.467,145,0.145,0.02099556758544807,0.11310807575974713
56,0.2575980129087063,-0.16953253667440352,0.5797318496048466,0.488,96,0.096,0.1907020467407594,0.35708236951291344
57,-0.07367313522556651,-0.25762022809682183,-0.12282657268393771,0.474,131,0.131,0.0026894201630851544,0.08102973775278928
58,-0.1864851529047178,-0.2755728977812114,-0.3972249812839167,0.515,134,0.134,-0.008099118864643318,0.06872635357928845
59,-0.12789595184179325,-0.19349938294830968,-0.2794807860370012,0.486,109,0.109,-0.14202934635197317,-0.17793568041387026
60,-0.133124024891898,-0.2822657293045724,-0.2984358584623994,0.449,114,0.114,-0.15241413445504126,-0.19039591807149964
61,-0.08157417153277124,-0.23854149038180106,-0.1517235380931511,0.43,95,0.095,-0.35779085504518837,-0.6189461880441748
62,-0.1401952913237715,-0.2816784829893531,-0.29868949082620344,0.491,140,0.14,-0.15414874821941216,-0.19761523470209158
63,-0.243252051167974,-0.35530859979855584,-0.5721306676685921,0.456,122,0.122,-0.18078681508004457,-0.21734395479878113
64,0.11285967860709456,-0.1868036466016299,0.2994624809993374,0.528,109,0.109,0.06627235682996968,0.18201915375435274
65,-0.00989417168034823,-0.25652221281453824,0.04195993885667541,0.56,128,0.128,0.49910987431497134,0.6983361146962543
66,-0.1603316244603542,-0.233540615296763,-0.37293851701428476,0.453,126,0.126,-0.22520035886285372,-0.336621631584621
67,-0.2487660920853766,-0.3128589413172448,-0.6024840815096583,0.483,143,0.14300000000000002,-0.060447665809306717,-0.01921476532884504
68,-0.33593757901046684,-0.38800890336418425,-0.8701722092610744,0.528,152,0.152,0.2771302252852619,0.47195366247090986
69,-0.4252025660443649,-0.46388752101821135,-1.3779578900869567,0.403,126,0.126,-0.34642719715108716,-0.6000720259573897
70,0.13967565154356376,-0.09972425049786049,0.34428153028520475,0.516,110,0.11,0.06588059589389883,0.18068083429627416
71,-0.3207312724644349,-0.32318920032285414,-0.8973416487501314,0.449,152,0.152,-0.21689014179745592,-0.3320837284571971
72,-0.24299647635842125,-0.2967360216203956,-0.5735020734290694,0.483,130,0.13,-0.30171372222319626,-0.48525756450649965
73,0.040031655141749445,-0.1590206219582588,0.14491549307031062,0.499,114,0.114,0.20764235104336692,0.38153713118482124
74,-0.17034153232811589,-0.2962157223192167,-0.35702770033923076,0.501,137,0.137,0.22187804124028165,0.3923740831948529
75,-0.2150119569916874,-0.3073501690557635,-0.4889881763992077,0.512,137,0.137,0.12595449375612655,0.26581731746384485
76,-0.16023378384399922,-0.3024075905251673,-0.3476228565486834,0.51,136,0.136,0.08567084215900356,0.2106491764411173
77,0.11547406885801137,-0.20261158749585725,0.29765072307658197,0.493,102,0.10200000000000001,-0.08362716398263237,-0.057997267969953234
78,0.01578090833105028,-0.2886413344685966,0.09008245270315561,0.491,121,0.121,0.2532034356521011,0.44414256259829504
79,-0.2927432350001594,-0.3881307130625299,-0.735798301489463,0.451,132,0.132,-0.2727593614746797,-0.41855128135758674
80,-0.014760521953148475,-0.1723625494374493,0.025408730076208953,0.518,109,0.109,0.21340219667348714,0.3805967414494933
81,0.025780642356297845,-0.1509780880271033,0.11335764169612202,0.486,123,0.123,-0.11143890439544768,-0.10529603438798625
82,-0.16862639024684623,-0.2176947251976858,-0.35324015363490163,0.53,125,0.125,0.14801418479651063,0.30131709661998896
83,-0.2785478753776859,-0.35077101992673315,-0.6526450756032852,0.534,155,0.155,0.1014651075314521,0.23438305426906506
84,-0.2605210636480745,-0.3344898949240986,-0.6265357813021436,0.475,131,0.131,-0.24781520358455544,-0.37222569858873367
85,0.1450530518471691,-0.15541231620068677,0.3537724249471783,0.584,111,0.111,0.4440548109326832,0.6674623788692814
86,0.27254033789982124,-0.1430384929120879,0.590914726144103,0.499,105,0.105,0.1721798504094485,0.33038708463656286
87,-0.06173224332682026,-0.20417763338523595,-0.09196860430019434,0.481,120,0.12,-0.09123421698040812,-0.06740471253418827
88,0.03998514981985668,-0.21112285487933635,0.14660397017906673,0.515,108,0.108,-0.0006594179370232878,0.07522084905383333
89,-0.3005861934578077,-0.3959059386294399,-0.7820955405042499,0.47,141,0.14100000000000001,-0.05398783076745717,-0.009854462580844462
90,-0.34404896754502123,-0.3713817124546314,-0.9662341972029221,0.409,130,0.13,-0.274235389900114,-0.4302923660236702
91,0.07535993036566979,-0.23103867932137565,0.21684736833878304,0.585,133,0.133,0.7356679746202881,0.9950285105703108
92,0.03462059648409643,-0.2141964270999434,0.13456594903678226,0.504,113,0.113,-0.007551100321122606,0.06603561217628545
93,-0.41128259820360635,-0.43764826999053275,-1.2861570947443246,0.422,139,0.139,-0.29779048358845717,-0.48913965922626396
94,0.20780786600636048,-0.16969074475766974,0.4683507282168485,0.548,113,0.113,0.4014634584885459,0.6298179929805345
95,0.1911804769495542,-0.19616364455775046,0.4396868088794716,0.508,111,0.111,0.1601965914720762,0.3147203127381871
96,-0.20740691096698616,-0.2692475168974875,-0.5425235329455986,0.39,106,0.106,-0.3712526457999411,-0.7116902221284022
97,-0.1651761265733308,-0.2977600930669685,-0.3631940604720611,0.462,124,0.124,-0.3185427776826768,-0.5246936894578272
98,1.3026747531651304,-0.09133668216323666,1.714778137397553,0.673,97,0.097,2.371535089820282,2.0749655945628156
99,-0.09549169277044067,-0.18403950835840144,-0.181501209302126,0.493,106,0.106,-0.04754988200720289,0.001975886617446788
