mode,seed,train_sharpe,train_ret,train_maxdd,train_vol,train_turnover,val_sharpe,val_ret,val_maxdd,val_vol,val_turnover,test_sharpe,test_ret,test_maxdd,test_vol,test_turnover,test_fitness,val_fitness,train_fitness,niches,evals,diversity
fixed,0,1.346401381697588,0.2434960269806541,-0.044530244849439536,0.03764351393158808,3.6125350318471345,1.715117571414719,0.14420849542613312,-0.038257685195401965,0.03637834104375831,4.925204628099175,-0.20652418230593433,-0.013461948987544492,-0.05543182249179444,0.028197407857152884,3.9585573770491815,-0.3134112410928152,1.5974846362550346,1.2518855586359257,129,266,0.2187908688497464
online,0,1.5461689656787538,0.41127073329043107,-0.07218778017962174,0.05197068907657449,5.222742278903634,1.9583534855776632,0.22006422905617629,-0.04307564516262772,0.047112305187709376,5.279140996244825,0.16926993448918637,0.013265237276933073,-0.05367528136094226,0.04060850309093336,5.228256267601561,0.03786716845668402,1.8312328430714528,1.4056202300108702,120,266,0.42673457924031155
replay,0,1.4332759549677,0.3007026786297424,-0.041599618946994564,0.042700034341355005,8.887414012738855,1.793233998437735,0.20682257202736976,-0.03105518066110019,0.0487013173632672,11.719374545454546,1.2398954211410507,0.09975481915859197,-0.03560809168910125,0.03571842413767716,8.479409836065575,1.0525031785751886,1.543318917198094,1.2347278652394256,125,273,0.534913865493674
dream,0,1.338346681363995,0.7016925693137337,-0.12084318436593867,0.09445110923899762,6.383057674524787,2.3554672705817787,0.8153821767132583,-0.09034203036606543,0.11909899352847195,9.001944924319268,0.18534885767326073,0.02572849140014344,-0.08932207859745162,0.08039024705320647,7.195336114967102,-0.003218903924807115,2.1302573569123604,1.15026393569053,113,267,0.3310270208614382
fixed,1,1.460825205899274,0.45586325990498633,-0.06536574572225995,0.06021043686158405,3.4402779386218887,2.0367984829494565,0.3883782846614834,-0.06622854779947575,0.07523943041066959,4.364297520661157,0.4820547222052108,0.049870578377343655,-0.04964800972199731,0.04881682802596665,4.19095876800795,0.37341154198405313,1.9163982586364956,1.359336774265706,128,282,0.244752441706663
online,1,1.4223351868726788,0.47092762273081723,-0.0721480978138908,0.06364982519131641,4.601130535173104,2.3711996822069383,0.5056015106346545,-0.05095896586872941,0.08047245887874171,6.16406186489252,-0.038022431321732095,-0.00768584252974247,-0.08292299279935197,0.054303807068004126,6.28474928536532,-0.2051789134287145,2.2224389619747233,1.2942385272622714,110,282,0.15105081479336457
replay,1,1.504320948323138,0.44078399669743806,-0.07370434488126143,0.056745806220434104,3.0938636010563934,2.062072921656357,0.4119251056247235,-0.07218233277445374,0.07816602271402474,4.005179600886919,0.7071285988665694,0.0757628041750944,-0.04999153967596107,0.049116324993391025,3.8826069572171136,0.6044806898842465,1.9458781632513917,1.4055915038613793,119,265,0.16804750797163714
dream,1,1.694586551373774,0.1096491199951819,-0.018640754075222525,0.014138070495919489,2.9586496815286623,2.0606665054228452,0.06803898603347092,-0.011540900382379713,0.014688998670090945,3.4583563636363643,-0.17060311223120006,-0.004859044148017411,-0.02373780206444436,0.01263700759910019,3.0432786885245906,-0.24333758703391406,1.9857289279589283,1.6260931807055894,103,267,0.3606156245761091
fixed,2,1.4986956093808637,0.9779150771602603,-0.1173938822948788,0.1083157255702369,8.596038053649709,2.1932677592141925,0.7146869470163284,-0.09703081383217171,0.11578877278233934,10.094382834030595,0.3136637934135544,0.05348483159596795,-0.10435119071885592,0.08885957649008608,9.193547327844879,0.07761725149722884,1.9428646956174949,1.26807790716043,127,266,0.5238096511173933
online,2,1.529841960011189,0.16892814930115074,-0.04062825211162643,0.023578465770497617,4.315179862575424,2.166006273273481,0.14269481528145578,-0.017873659953135862,0.028406329935083265,4.844032434590504,0.9791100262025322,0.03810169304023381,-0.015911217404507516,0.0176910006980185,4.140713802406613,0.8883401414521461,2.060188794605103,1.4232242367038672,110,272,0.5893570124006727
replay,2,1.4748604161548637,0.5398040953647167,-0.09266095260098772,0.0687289159246128,3.7249117677769656,2.094434697311941,0.5118232625453008,-0.08154951469549444,0.092517730222168,4.719422950819672,0.6437582382382346,0.08238188684009717,-0.06074883345422321,0.05917288620961317,4.486245632894384,0.5236589088532353,1.9592714809478007,1.3540317044988306,124,266,0.6390081370019614
dream,2,1.4601278079189333,0.615465623757363,-0.08464906319285787,0.07739247457239028,3.2953846153846156,2.2099246949404963,0.6669896435534228,-0.08870934898618937,0.1086959614816037,4.457756643356643,0.18378168535666806,0.022483948897276562,-0.08937793233763826,0.06822295943136038,5.75641866330391,0.02396434592177074,2.076414887580269,1.3518955840148121,115,265,0.5740554389694206
fixed,3,1.504429724603217,0.5153909469870466,-0.11163077764939329,0.06476365707734513,6.167844194022537,2.4548808912769524,0.3886191908785397,-0.051035422528242974,0.06208039890739354,4.772844755244756,-0.6309744621648997,-0.07537525758040098,-0.11854584890938073,0.05463669679459813,7.43076923076923,-0.8388627712349747,2.3339062849079357,1.3252574518980695,121,264,0.28302695260959054
online,3,1.626465084075604,0.4811494251431394,-0.10807458092288019,0.05636678367718548,8.046573248407643,2.618503281088058,0.35104311600547367,-0.04325953929617324,0.05320163148347613,6.931374545454546,-0.16695760412527977,-0.020879853050688957,-0.07166070347881323,0.05040037013917898,9.049967213114755,-0.3837873001269815,2.458246020530881,1.4114963286460112,115,260,0.4037657960726989
replay,3,1.6588628722326137,0.5175560297656951,-0.09861580423270365,0.05870571123193588,6.555489793869176,1.9912108863673565,0.33333592235039244,-0.05703780574276658,0.06735713020906067,7.7186728950526255,-0.1990171804394874,-0.026961935249182,-0.11478403224502579,0.05533401648398067,7.816577463138209,-0.4127407458247645,1.8083185255949208,1.4784451742388784,124,277,0.46090407844624437
dream,3,1.821703728042751,0.5608216280675489,-0.058265335673161826,0.056942486717414274,13.679963889864087,2.3809184632920943,0.42255845827320626,-0.05129877987918506,0.06885206948252344,17.70548031496063,-0.1495904908321667,-0.017089516545093053,-0.04944457578995385,0.04584692273784856,18.44541112688783,-0.5432210012649002,2.001159467053289,1.5189717824088884,111,258,0.3045335981537729
fixed,4,1.915328743500052,0.593391717396603,-0.058139926440122516,0.05662252022215604,13.515133757961785,2.3102870382396183,0.3101110257332773,-0.041749085276028775,0.05421980216244347,14.246247272727276,-0.31565560956474986,-0.033667036504999026,-0.04926883171477693,0.046384414356196564,18.448236065573774,-0.7092547467336138,2.0044875501470583,1.615956105120755,126,265,0.20625243588343156
online,4,1.7514431585431804,0.5440979494620681,-0.05922720263814637,0.05784500538736598,7.505589618429667,2.4330645664008443,0.38347937768917384,-0.04458607229033042,0.061939147044234116,8.757695836873406,-0.29659954188665605,-0.03068448858745776,-0.06298344972626474,0.04483244680574529,11.810877891833922,-0.5643088245864668,2.235617613518211,1.571717764855514,111,270,0.3375113962488828
replay,4,1.7541756675430495,0.8026895029173862,-0.07784921458073621,0.07882423542540137,10.499712586197823,2.446936920438097,0.55240002448368,-0.0610932793462754,0.08383392081976734,12.118719759579266,-0.24519076418008764,-0.03616948941313847,-0.08295359386825825,0.061279357930596585,16.432028180463355,-0.615308124723484,2.1740158855733736,1.505256808528725,117,264,0.14893928427534997
dream,4,1.499144330180749,0.3359169642708666,-0.07210772482523439,0.04497982089320568,5.7052746757574955,2.333337283654636,0.28063618428070614,-0.04023537711994651,0.049101217888212825,5.844357393855639,-0.5097232579865121,-0.04325268612786637,-0.0651037659990186,0.03836971979533469,6.2539096497095406,-0.6673533339802122,2.1963324472175496,1.3489849742529818,115,262,0.23615906755273497
fixed,5,1.727163525318337,0.9423171919844624,-0.09635632712886218,0.09054359433711962,11.13914204589057,2.4494479714154154,0.6582421312626798,-0.06718655098545058,0.09657336650074215,13.519620591456738,-0.38059245379170403,-0.06040877948183765,-0.1032822400980006,0.06888631558836279,17.603278688524593,-0.7842991476111962,2.145462284093555,1.4562025208360945,116,272,0.3042020162800827
online,5,1.4242119545339593,0.3004901430856024,-0.042949493904943695,0.04295470950220085,6.8586430351703145,2.4850532019305005,0.2767527374869312,-0.03725054732864279,0.045472886887077055,9.75927272727273,-0.7920978830193214,-0.06693785423672871,-0.09488823003259435,0.039177113627108476,8.738837555886738,-1.0143187491533534,2.2712424737207244,1.2655643468780813,114,261,0.529160995801514
replay,5,1.4118950890009883,0.303243294319576,-0.05380575916577096,0.043696196709086504,3.5340179383855452,2.321607916533993,0.23137990865560853,-0.034030634945320326,0.041454967743722,3.75148051948052,0.3949181171222536,0.029824211319301908,-0.04645606975598642,0.03578043039079983,3.6234192037470727,0.299221698169319,2.2295629886717223,1.314311850650392,108,260,0.3583183239516613
dream,5,1.4414409640910484,0.4123927764278996,-0.07337845845357603,0.05602600997123347,4.2955351112547335,2.2990760577803053,0.31235373301222435,-0.04822778331075401,0.05484002383325703,4.947270617890999,0.3400816333481399,0.03360158602595642,-0.06411839296502796,0.047997528263157216,4.725111806741578,0.21352020073079436,2.1760167537671085,1.3188410326391657,116,269,0.3272156525137344
fixed,6,1.4683631927786347,0.9121879059829423,-0.1270211245558181,0.1050311456666659,7.948544516824665,2.14477046253172,0.8688718104003488,-0.10842770067902617,0.1381755325121353,11.97077997281945,0.3797785805258503,0.06432940164941292,-0.06937381786587132,0.08485761896918645,9.78935085540456,0.14930465448482344,1.8511410127358179,1.2458817401642324,121,280,0.4722888963076509
online,6,1.4155924970463143,0.6432932191801224,-0.09393290316250043,0.08291013481341848,5.343841568939909,2.2573643734142563,0.5593864754311384,-0.06069022444594429,0.09210730285164909,7.175127204601243,-0.15795522160168526,-0.02946150514779744,-0.09917097697594793,0.07094667156879271,7.970811824751504,-0.36695694658468936,2.083516717099259,1.2617492140862658,103,259,0.21312200716955843
replay,6,1.5036327720864313,0.29787525628531863,-0.058823630687354175,0.040305516230033776,7.880581238262494,2.180516754683832,0.2289712167247051,-0.029374642909391686,0.04377074135621915,9.754354638911305,0.1455669896206179,0.009791256775219415,-0.03922339138115716,0.034914295305632684,8.191731865345956,-0.03787934337687979,1.9707423404509106,1.3166093319775043,107,279,0.27628481241280645
dream,6,1.282734427805113,0.36078398250805255,-0.07529846794692784,0.05631520378701401,4.3963877351215075,2.223056824377379,0.33291266904062233,-0.04009959917685184,0.06005701692107069,6.056209622404972,-0.09231444112451098,-0.011666336140793154,-0.05235598337619121,0.04658417934023468,5.624301871204447,-0.23097847023669554,2.081882832340854,1.1571574391292188,122,276,0.2859440377638742
fixed,7,1.2608906744161479,0.753057407309877,-0.2048232567295915,0.1066507722815579,2.6563233970255204,2.1009485078378756,0.6481942303459414,-0.08252799170930848,0.1120287808713378,3.1047747017569427,0.07206294830961062,0.0053687788540404124,-0.13214852233373794,0.08823357185768588,3.3678527292847873,-0.0613683674429541,1.9975890179480826,1.1053525781108418,128,259,0.4442711446320311
online,7,1.1445107005699449,0.11331234475235963,-0.03775140609239373,0.021712068918003685,1.7044976921172392,2.3141168874428004,0.14690078913655324,-0.018536077786757938,0.027302218627037786,2.5729923626489053,-1.1728710602918955,-0.041024615793941566,-0.04565361898197468,0.016280374734823515,1.3605245901639347,-1.2229083615861616,2.2533890012964437,1.0915450436814034,115,279,0.5997309635937352
replay,7,1.5741900965548192,0.23124799398680862,-0.02834502885939491,0.030602172919685568,3.5425605095541406,1.9749588632952264,0.12123674150595432,-0.02921639217826427,0.026731506982529647,3.4847018181818186,-0.20110387787820072,-0.009097113938951185,-0.04758707566282127,0.019876526684096982,2.286819672131148,-0.27063380915223434,1.8906566308424577,1.4891663719340391,111,276,0.5894678968887836
dream,7,1.1293090343579726,0.20071394444582746,-0.08388799008600066,0.03777437265786381,3.0256050955414016,2.5058324743161453,0.26514337735782356,-0.024024809351328308,0.0433875864023087,4.39178710037829,-0.6086240791018461,-0.03894601332836889,-0.04902698778476221,0.02925524452132119,2.4644590163934432,-0.6824267533220961,2.4059843276329156,1.0268529374041442,118,266,0.5480322497521024
fixed,8,1.7523008715082389,0.24592070631721774,-0.04293553291437515,0.029014878030621794,1.2230203043619152,2.221467344547526,0.19913183137619672,-0.03147967729728103,0.03778241726729551,1.9293198903288182,0.15891098578014323,0.012429109960982343,-0.04890831784514063,0.040973908462275645,1.8395287357514643,0.09766625214254365,2.167141108092309,1.706372698963813,116,259,0.1521316324376507
online,8,1.2666260591690723,0.33430786623325104,-0.04781871332249401,0.05334437602083165,2.1015202938304895,2.4763888534837433,0.3874876681797499,-0.04340098443847112,0.06137513954144136,2.5898978102189782,-0.2918922804489859,-0.030472178402426442,-0.06934450288816932,0.04516502320079476,3.6064616489170764,-0.39869376487141206,2.402890405060128,1.2006862966312155,110,276,0.47428891962347874
replay,8,1.3341944412244011,0.2882618449269383,-0.05592858792302894,0.04427143909070319,2.5338726114649686,2.703952210799233,0.24081714519535402,-0.028537858277225103,0.03681977219093759,2.2340945454545453,0.07514445328760819,0.005261549571075719,-0.05995123749673069,0.046409964265155826,2.408459016393443,-0.00300034578862602,2.6450013907515295,1.2555526950335871,122,268,0.47519312301553973
dream,8,1.797005312988513,0.2970786303970674,-0.03636181099997497,0.03350697311635095,1.7455760251390877,3.023166571062334,0.24003105791687873,-0.02106380654180656,0.032789630766081705,1.982220116242419,0.267169485403549,0.02623593123644774,-0.05875234058874678,0.04898969383491931,2.3360504482034257,0.19107230614510712,2.9729902654665823,1.7439128869857439,125,266,0.6009858431966646
fixed,9,1.3723434706547402,0.6215968641804117,-0.12721891647593603,0.08332730175857761,6.458300450520429,2.267450234209339,0.6209654100653175,-0.08645602690856552,0.09986966639700792,6.038165853658537,-0.4332281676458701,-0.06783316134480921,-0.1031686318189967,0.06892234372042484,8.66734906037585,-0.6581594647628854,2.103458903681886,1.1795680034063636,105,264,0.32398338524480763
online,9,1.7699884772340586,0.22361705958332334,-0.020000054576109906,0.02634274191736864,2.1390158740332654,1.8860562002661831,0.1237723777524673,-0.020644695688995383,0.028567436228914767,2.4983974860359464,-0.4681340956774807,-0.028117901722433225,-0.0598772231368743,0.02717541224490567,2.463923200088333,-0.5473511712476845,1.8257659027009667,1.7172081324653383,117,265,0.375158637325268
replay,9,1.3977370555511137,0.6560662046416368,-0.1282354459106142,0.08539122841988353,7.442609911449434,2.1750318336732164,0.5864392312082045,-0.0882634070341962,0.09955994861684207,6.800312195121951,-0.4732775448140805,-0.07252565721324666,-0.10121357505915306,0.06810370380853589,9.317584966013595,-0.7102360316639289,1.9948938862536794,1.1847671343668178,118,273,0.37407937077874587
dream,9,1.5236101205576578,0.38005668146242066,-0.04176659131677211,0.04928289798679191,4.882700636942676,1.8881568034477656,0.18201377244933337,-0.029315517293686887,0.04102954373249312,5.715360000000001,0.10218732230648554,0.007399648827885352,-0.0614798246058292,0.041571888035377896,5.147409836065575,-0.031500786717740564,1.759191844800922,1.4050728121604183,109,269,0.4029430178641231
fixed,10,1.389105835954505,0.6186787090516526,-0.12414457549967838,0.08194149958609366,6.296835668789811,2.2600869756931354,0.602758952398939,-0.08504602963418281,0.09781163385057887,5.870592000000001,-0.45113825274788727,-0.06910891855555279,-0.10283007238288615,0.06775669822477928,8.576078688524593,-0.6740748627098222,2.1001521208760443,1.2010968348288695,116,276,0.2534777671308043
online,10,1.5738120178193051,0.35389874194262383,-0.035429695545896936,0.044787950271866,6.087013648771611,2.336014932520167,0.16688447971841547,-0.03966120708233897,0.030474455460792135,5.624640000000001,0.27508755904619625,0.023244778665941324,-0.06238332811137042,0.041472395074171296,6.725508196721313,0.10938573105608479,2.2036915289789976,1.4343568970709244,117,267,0.39336504438530207
replay,10,1.431868910384116,0.7443176023722489,-0.15937243121388098,0.09209141262477459,3.7039571601923234,2.0824572094306086,0.5888725635858663,-0.08498937423133518,0.1045592264415604,4.492965429011641,0.11191336775644643,0.01268077057099637,-0.10986181903669057,0.08121535783688658,4.760106172004813,-0.0382196652019951,1.9501032137347083,1.278103551573329,113,274,0.47568757446163823
dream,10,1.615253482269168,0.646363859670039,-0.0873721889084805,0.07241481548478365,14.108879891692418,2.5705455886196265,0.44436865102324297,-0.07088695469551888,0.06641614523029105,15.720554669336224,-0.4449433222012182,-0.073494234665189,-0.10233804025224061,0.07278246599493482,14.167722776899604,-0.7794667978653306,2.2206910178851427,1.2893897899810793,121,271,0.2907745898000895
fixed,11,1.2129548704912014,0.44882021333576594,-0.08045379557492605,0.07225815181505212,2.096147659119439,2.5088049983637326,0.5663243290276416,-0.06499082184771239,0.08337910335956761,2.020682149966822,-0.11951779275243408,-0.019322789773156046,-0.05832740037951966,0.05989792215975397,2.8909321526863714,-0.20650013599592132,2.43589594444054,1.1308050195213497,131,269,0.5755405708142616
online,11,1.4205726192084889,0.6433436533758206,-0.09750207967096688,0.08259979663435131,2.6628535031847136,0.9153904223435531,0.14875609442371118,-0.0629139343663094,0.07227986029059179,1.7736218181818186,-0.14680656629023095,-0.011256701184941709,-0.04326083089881075,0.03192268323308586,0.7422295081967215,-0.18328157190357078,0.848461018796762,1.3185645093093112,116,264,0.3747741647607574
replay,11,1.2349476888643767,0.4193988583514121,-0.08167062666744188,0.06685485361519511,5.932988584923783,2.3249432143508337,0.4336260062801194,-0.06536670160134093,0.0721339821039966,8.237848940990473,-0.30198810212453275,-0.041083291055666105,-0.0769428290574723,0.05815280134756024,7.660333836718553,-0.49366619338763995,2.127502884730354,1.07545260383218,112,269,0.5145229620612626
dream,11,1.5731175598096292,0.048609302988398495,-0.0054668415036481155,0.006933948995355513,0.44025477707006383,2.0715540628966616,0.020411984549912887,-0.002844879402053022,0.004474130887622712,0.29323636363636374,0.07239374311637584,0.0008239164173593494,-0.005456162508488473,0.005425209656944723,0.4222950819672132,0.06121976022278734,2.064266895922908,1.5615790435164039,108,263,0.521341929373018
fixed,12,1.5554415397468033,0.5592725637068412,-0.09621461978004048,0.06694094545263167,2.0736143689511013,1.964356550092,0.43286863581752555,-0.094131642163757,0.08580305828684578,2.15837540355281,-0.06858197618390523,-0.015375594460335429,-0.11654026456503659,0.0689690835179589,2.57787544732986,-0.17840961741302072,1.8741232209390652,1.465861942477761,117,268,0.5355392668905108
online,12,1.687202325499531,0.4581773377861833,-0.04843545364240922,0.05207498413188067,2.1508280254777077,2.1178341091499813,0.42061521885573927,-0.08941418378125447,0.077401369360789,2.7857454545454554,0.3845269601874023,0.039246714847565034,-0.03580967086686547,0.04909224937313148,3.0662295081967224,0.3052975345900351,2.0174121081684446,1.6199680381687722,116,265,0.40588629437984824
replay,12,1.642325259056555,0.4290710086306444,-0.06606523256125112,0.05063687865125046,5.871390869092582,2.1889996429582985,0.38568563478227014,-0.0751873593907432,0.06940333170745835,5.875268088635017,-0.21819195185846985,-0.02089499215901025,-0.04242423177025342,0.040633086799605714,6.243551389781901,-0.3642750955392346,2.0339006014902266,1.4918648253940776,123,267,0.31993849509678973
dream,12,1.530473861399048,0.7466978554612447,-0.08325962446486394,0.08600251448131964,3.8186598726114656,2.247269395299601,0.8196286819793246,-0.09754148265683407,0.12566672376302296,4.948363636363637,0.206801902666117,0.028593302380545804,-0.10823740795465954,0.07690387505045954,6.295868852459018,0.02676582163960689,2.099531381243911,1.412470851714387,110,264,0.4481444826379033
fixed,13,1.6350041895304193,0.43802432618920384,-0.042275010785324085,0.0517740359537639,1.2070318471337582,2.111613015228919,0.45705529314715676,-0.05785011133018146,0.08334955698733275,1.981178181818182,-0.26965551136176297,-0.037150412531109844,-0.07143381835602708,0.05815096984450255,1.553311475409836,-0.33643865004797324,2.043064395927465,1.589726047195082,114,271,0.36634817374821027
online,13,1.4820770572512212,0.7704414336186722,-0.10856443801634219,0.09121613130713757,4.176166763173133,2.308663406243309,0.5570531964965408,-0.07383249566177683,0.0896604994766185,5.274505785123967,0.35015685120423135,0.053554197423878236,-0.10081984632755418,0.07682689613801745,5.515081967213114,0.18944528869619198,2.1662570427099412,1.3442715029795875,110,268,0.5011766662002017
replay,13,1.7837724456870026,0.7127748732777306,-0.04739367280594908,0.07058649838545245,4.5006492390983555,2.2591598004370557,0.5951393676163133,-0.06878739357609191,0.0968281323721305,6.738099277075939,0.7027108213600721,0.06849157364396152,-0.03286552393825396,0.04469660870362025,4.18072131147541,0.6026636331614369,2.090004118107491,1.6700626245020609,121,267,0.17086227373627783
dream,13,1.4126726735592747,0.9332063961727306,-0.15913382381591307,0.11143784806557577,5.58935509549408,1.9820898321862506,0.6899577365066432,-0.10525895401568928,0.12534501647892174,8.348184879626304,-0.013476299310387036,-0.0165559230099096,-0.15361731648074706,0.1108819411285294,8.296883761791179,-0.25622263278658414,1.7624966575858798,1.2213186597414367,118,278,0.6016744211167881
fixed,14,1.6021363923407095,0.6212178568478679,-0.07352041202463608,0.07073107763557493,14.898068288608126,2.468987899893234,0.368065827733965,-0.04665188907999299,0.0588787482950605,16.966622950819673,-0.4851503060349559,-0.05968074033812065,-0.06822322341391533,0.05508212114981867,19.69180327868853,-0.9130979833156841,2.1063294963368437,1.267414820556229,130,279,0.24343601549275795
online,14,1.6021363923407095,0.6212178568478679,-0.07352041202463608,0.07073107763557493,14.898068288608126,2.468987899893234,0.368065827733965,-0.04665188907999299,0.0588787482950605,16.966622950819673,-0.4851503060349559,-0.05968074033812065,-0.06822322341391533,0.05508212114981867,19.69180327868853,-0.9130979833156841,2.1063294963368437,1.267414820556229,113,270,0.3322060247175941
replay,14,1.7415059754812636,0.49622602832650764,-0.053103163680473374,0.05389995771976936,7.3758511662008,2.448113880067095,0.35265360412850333,-0.041890022255996015,0.0572225917308836,8.539981687377372,-0.25532473560004054,-0.025203820611950367,-0.057079679521121425,0.04236704560606814,11.612124071234817,-0.5161070567852977,2.2563692351915496,1.567437370317011,117,276,0.28060001730287043
dream,14,1.7556643217830357,0.3982209959324581,-0.04542797038212956,0.04434683241208756,8.76216289470118,2.3917479427749875,0.3136156083071193,-0.03984270243026,0.052857132605956834,10.521934235976792,-0.3459482103690788,-0.027303394694010996,-0.05343040258764737,0.034959815970093164,13.192326473665855,-0.6365099411362196,2.161387906840322,1.5577070786979474,109,267,0.30153731202513545
fixed,15,1.520644036762859,0.3824245207221957,-0.04083910485782089,0.04964991735469263,2.6855541401273886,2.1694176752539795,0.3280703090842818,-0.05221962829222867,0.060791589502488315,3.2141454545454544,-0.5505055696128572,-0.05498300661816935,-0.09825683046244414,0.04528640015498636,3.36,-0.6668339848440793,2.079024952016956,1.446513401531401,118,268,0.5818192666766957
online,15,1.867023682553652,0.6602629167097842,-0.07125796378573952,0.06335379918235766,6.0770947824895085,2.1794697049959257,0.3438509445527591,-0.0488569309800942,0.06306155964778079,6.646153405314729,-0.32460262788606975,-0.04426697434778781,-0.12098112566461953,0.05870652459368687,6.944313443823987,-0.5239794595948593,2.0221181713995837,1.709852805010992,100,284,0.5259506411867148
replay,15,1.3619233529034929,0.6081487549645053,-0.10788243850929286,0.0825132099487137,5.231357586928898,2.0159312452532596,0.49970664723728064,-0.06479300663936521,0.09436284198419827,5.331478843365867,-0.5006280735483021,-0.08599642663405238,-0.13544360729121993,0.07656785293536522,6.745023583026942,-0.7032503488544509,1.8769051650662596,1.2033549819102685,136,279,0.6721003000222077
dream,15,1.5318514096608076,0.703246579861007,-0.11366197037535351,0.08193150967150473,5.337021886915793,1.9584748837270218,0.5407060320358921,-0.058097818023399285,0.10394038305433886,6.51472560234194,0.1262009639910181,0.014615964354949051,-0.06960872490779113,0.07525901390313057,6.4303331758169096,-0.03721006197921567,1.7991314626684833,1.368279986734815,125,274,0.5610845641529505
fixed,16,1.6154087989411314,1.0835798919946447,-0.10295427146101203,0.10784288990462562,4.735960355568,2.1008869260378327,1.0372138768051702,-0.13580675748506094,0.1615889712625493,6.489149377189347,0.14394759811701963,0.020725447913435557,-0.1295343284033721,0.10084162495981083,8.601384778205876,-0.09284726164878396,1.9032005597515151,1.4692124560992654,127,263,0.16306369305824986
online,16,1.5508472961073556,0.5597366086897413,-0.08204907173343576,0.0671949848242957,2.0046501382561868,2.021849467546307,0.5333071759976724,-0.08658305602240335,0.09935288551302318,2.475718172245198,-0.2993632860290075,-0.049663480674863925,-0.10740070463391037,0.06991641275135961,2.6130018400662003,-0.40532367514728673,1.9290435760902014,1.469729757475514,124,268,0.1724459004790928
replay,16,1.6686365378288195,0.6165052131101814,-0.08613540804269153,0.06737338577440116,1.9618853503184717,2.0602305294004397,0.5057437857892011,-0.0831108317493799,0.09317315270148387,2.414618181818182,-0.10999838123562455,-0.02285630177779041,-0.1130480822776338,0.07252557847756974,2.5043934426229506,-0.21661029122690045,1.970382749889386,1.5863311268011042,104,266,0.16531256652847937
dream,16,3.4465480675559803,0.15929609279358026,-0.0035119137042099492,0.009848737059701457,1.6216050955414014,0.9781866338824788,0.006631125409817473,-0.0018411406593901415,0.0031006899386605766,0.49850181818181827,0.75295072850534,0.005830808691076772,-0.002004082757968986,0.003552667105604534,0.9832131147540986,0.7322844248312734,0.9672960271891474,3.4123600087930472,117,270,0.23246757551193187
fixed,17,1.5830100464913384,0.406333302784047,-0.07153543534389223,0.05019569559543134,2.8031639454819004,2.3250643917378437,0.23351841137451856,-0.03170917864276754,0.041740093213063635,2.88926045083161,-0.06236127102653838,-0.010175836782970626,-0.07479305001904488,0.05286261977125123,2.9748979673811986,-0.1592557553836848,2.251424593399828,1.4911790499097541,109,262,0.43711497453057135
online,17,1.6115444374076215,1.071930508381488,-0.1324974952741144,0.10726118699862106,5.6359837415232334,2.4531349622826406,0.6034693637555371,-0.0648225896196073,0.08987548181712846,5.495432727272729,0.06399620722796792,0.0019058438853363224,-0.13415750323376516,0.1122316480131715,6.144735199890939,-0.12597724838673344,2.310815012927382,1.4325760149400997,109,270,0.4161118681367306
replay,17,1.559583403612308,0.5953687607803895,-0.122457784465403,0.07027659183552017,2.7576030507987963,2.318740451314809,0.38150452754174746,-0.055867658797307526,0.06478466013870111,2.4725121348826726,0.20566364215555333,0.03106778144132294,-0.10827768643773597,0.08647466245300922,3.187644469917769,0.08777190953832997,2.241356379218502,1.4432024503636305,115,271,0.38773505164036304
dream,17,1.4848038848055536,0.8634599997470978,-0.1436661915092832,0.09949275627419625,3.614331210191083,2.080984185527975,0.5251417665022302,-0.0730613502815423,0.09515288507564164,3.6477969230769234,0.011526753259908741,-0.01570057956045312,-0.18548612874355355,0.1325504491498984,4.527984808422672,-0.17177600728032147,1.9714975719256653,1.3406841648470904,120,265,0.30532274062527476
fixed,18,1.312648701064274,0.3542781682513523,-0.05491668894236371,0.05410084018690906,2.1876521410102794,2.415330330251915,0.42418466581420544,-0.04601977306319612,0.06806291083270984,2.812601260126013,-0.17161313151559174,-0.019263020246465756,-0.06448248007852092,0.04588385016327382,3.772114916409674,-0.2792966698830457,2.336068418517797,1.2414373137728867,118,265,0.26012600762968907
online,18,1.406954637884629,0.3655241220218781,-0.07913899094026704,0.051733505453140836,4.432515608248724,2.2267160196345044,0.35661518299018824,-0.05471701080639454,0.06369156039264677,4.2678955895589565,-0.39083626224583545,-0.036634370702054664,-0.05441119685296227,0.0416123991618431,5.79360493426392,-0.533913959357595,2.113999602440128,1.278734830249521,121,248,0.2534835966983874
replay,18,1.4754143918688092,0.34134378996695314,-0.059606848059518124,0.04637662126849996,3.22090763867568,2.3066556910826375,0.25612136996311086,-0.03783071553151449,0.04575836489961639,4.006644615569101,0.3488831070801726,0.02874229544136586,-0.053950066129230506,0.039522758198063376,3.754220856811147,0.24682365687933444,2.207607441005498,1.3811928150655364,128,267,0.045073948099877525
dream,18,1.4426639281257094,0.5638223277603069,-0.09125060320899393,0.07293116938578041,4.106909514347966,1.758509533582629,0.4390649388934946,-0.06697297321194179,0.0975971913030518,5.245300104374139,0.029512423026312906,-0.0003914597419468757,-0.0624635157885249,0.06448913792737178,5.018081399637328,-0.10208096286069611,1.6201170448891753,1.3149004362342531,109,268,0.3769385969717921
fixed,19,1.606626987977281,0.21309855942162836,-0.02880009322031793,0.027813688087500243,2.054522292993631,1.7896609395738512,0.14581911174599815,-0.028198888226138193,0.03520026225959068,2.254254545454546,0.2633623280378226,0.013194409522762074,-0.018367457902270054,0.02393464584626317,2.166557377049181,0.210847451545704,1.7304764045516912,1.5511364955072493,122,286,0.517365475850148
online,19,1.3558473230835442,0.37220936616097977,-0.06123431471170784,0.05462329987081553,3.1907735716402086,2.361599323109537,0.3988537509926935,-0.04601013211920189,0.06607055607792915,4.368511139530681,-0.16127907067091105,-0.019235431644332168,-0.07308173518547745,0.0480981469542598,4.814403538394025,-0.2941080090315303,2.2512240342593226,1.261414694294886,124,281,0.3733335307796375
replay,19,1.2446520073017233,0.37026052433968015,-0.06827858335430836,0.05946398824966907,3.5597972941559344,2.460044012596689,0.4262269064789521,-0.047664493486535064,0.0670642000094521,4.883348639681486,-0.3158470565877116,-0.039093931055383835,-0.09383955729553767,0.05342887434150113,5.2315807107813805,-0.4673984494511081,2.3385447930597913,1.1393167697414506,124,278,0.16910015031116077
dream,19,1.4828332718319763,0.4345584022217641,-0.07661040586504729,0.056903409083506044,10.235748021131414,2.516008479923831,0.4248708446864533,-0.04795675406317903,0.06535084275612268,14.511225373180489,-0.49724202597404565,-0.0634428463517911,-0.10629840414934728,0.05720617937612954,14.410412266778653,-0.8385994733842924,2.201805595428632,1.2398131084768242,103,263,0.3445274526623434
fixed,20,1.2674479684458397,0.3143761866902912,-0.0613368064693086,0.050467549415951114,3.4291979907652093,2.37073781747736,0.3009393936928353,-0.031820503269071806,0.05141560569200657,4.31183406120761,-0.3833934581928084,-0.04024482846863797,-0.0924146286681945,0.04637158755712132,5.192761199013703,-0.5334559965071797,2.268590884618672,1.1681956053958813,120,261,0.2997992602207089
online,20,1.4334312444773494,0.4847484847797028,-0.08239550062836543,0.06470111702905125,5.450747908967467,2.153709340313912,0.4084019176821847,-0.06095764158753341,0.0741624959203266,6.6382606445451415,0.3198220430674842,0.0336203605140597,-0.05842503188984796,0.051632815180829704,5.942657090134088,0.17175638531987847,1.9904653066292421,1.2832185359838173,117,271,0.5315098841627908
replay,20,1.3897051024758489,0.5223575847970232,-0.09639133354493924,0.07118308176324827,5.56199515564726,2.418639741798673,0.5595174496692392,-0.06343766330751739,0.08574526553441225,9.046445070422537,0.24734585267757006,0.029817220288052892,-0.07987540814181592,0.062412596404167305,6.846779034864928,0.07047256790936354,2.2059920087364633,1.230269532590434,122,270,0.2863035027919718
dream,20,1.3444322832906968,0.34009326510103555,-0.06701374218002693,0.050900307438652835,2.7274555816292327,2.161122860676983,0.3512025901971496,-0.05631053510473543,0.0648110478160273,3.522694736842105,0.5659828675103343,0.05292656427901066,-0.05062964500691997,0.043501549407772004,3.2604659188956004,0.4754587266289624,2.062513698387773,1.2563763005680986,119,269,0.11283492768929093
fixed,21,1.5338474641910749,0.6912644997513173,-0.12679250526604838,0.08070341019059245,10.489922072131677,2.3437713046268924,0.5598202150984688,-0.07089378489764615,0.08863071790226455,10.794818680644694,-0.5228059233071316,-0.08040556819516409,-0.115434359565331,0.06902201052267669,11.487310476852876,-0.8102693126268546,2.0924280385651755,1.260652770115417,108,276,0.3703954383564336
online,21,1.1889698347918243,0.3891937354425854,-0.09079859849124491,0.06519800667272595,2.6313739763421293,2.4278249315570286,0.43853610159778444,-0.05429642092125916,0.06964813826362048,2.467636363636364,-0.39215637549991555,-0.05306747652209942,-0.10503745445214459,0.059327984397981766,4.202622950819673,-0.5287275617423813,2.3513239938236716,1.0909430560193591,90,263,0.23135967914862776
replay,21,1.3981608920262536,0.5925470153556414,-0.0862937756020675,0.07854369055524768,3.2084421893555004,2.3414543835359636,0.7095376158389401,-0.0776296743743648,0.10747171361704604,4.091796610169492,0.06162510505983364,0.004073000482470723,-0.09187271048165832,0.06912775721332276,5.438566268407892,-0.09308257554915336,2.220803614145391,1.29084516043811,114,274,0.1705377649708304
dream,21,1.5376601844876805,0.598858115294727,-0.10472495558649694,0.07167051076481788,4.06400783902522,1.786921121831127,0.4272892628983469,-0.0641951544609686,0.09372756576139954,5.267601505817204,0.254262995468383,0.03311627729697575,-0.055484400456375454,0.06789622897897908,4.6972651014288545,0.13257549321161816,1.6494715144842984,1.4040175499139276,108,273,0.4599935841893359
fixed,22,1.4529327186665573,0.30980825529191236,-0.06096849385309116,0.04324096913148475,8.512296388053553,2.7129723943592534,0.28844343167070297,-0.030689420498351664,0.04315465972615726,11.248571012873798,-0.17688894204603095,-0.015820197318784257,-0.06845353257185884,0.037420483274386546,9.646490919340922,-0.4040455267187788,2.4726562638526017,1.2522025439789406,123,278,0.6015064075845298
online,22,1.6203930421587474,0.5139089980882989,-0.07199300316835944,0.05979931102987795,3.4411306991148285,2.1226680160412625,0.46313263005226313,-0.07088973742847873,0.0838461305722735,4.605370431496016,-0.023905419444872858,-0.005793682501830655,-0.07990486784652838,0.05291110972913493,5.632812308737794,-0.17651409954289293,1.995115738697103,1.5155739265922712,119,264,0.40225717894152035
replay,22,1.4664794823114442,0.9647404370583592,-0.09314065527421816,0.10975480453131113,6.885218725980644,2.322014057651637,0.9671958391994107,-0.10477989059887098,0.13772807572421836,8.976784361903,-0.030990934997035938,-0.016554692204032162,-0.11144396249402631,0.0965308093896028,10.009893446724929,-0.2869107851785477,2.090088425114142,1.2822047801547223,111,268,0.31558039494303125
dream,22,1.6203930421587476,1.1480780068230967,-0.13219615694849965,0.11212370818102113,6.452120060840304,2.1226680160412625,1.0147702223840414,-0.13049890181683654,0.15721149482301278,8.635069559055031,-0.023905419444872775,-0.015797910051357444,-0.14557111560322533,0.09920833074212798,10.561523078883361,-0.3079214388241527,1.8847171739517437,1.4252525624676917,116,271,0.3817989017612672
fixed,23,1.7414763194792608,0.7574864330700746,-0.14923958303160514,0.07592471572719135,6.673528662420383,2.321682299843391,0.4796740054157873,-0.07047640489457027,0.07868954041929496,8.614734545454548,-0.16594910534572913,-0.03410419375473406,-0.14321955707652267,0.07774621416845476,8.692852459016395,-0.41141593306431834,2.114149406487015,1.5333859547150506,134,271,0.4977698820290243
online,23,1.6406641393198182,0.22783789220544226,-0.04787120095004135,0.028944318625662737,2.4090191082802552,2.141440206790616,0.2066106830803689,-0.026662308597473306,0.040576338461192844,3.7076072727272735,-0.13707922433554462,-0.00995646552297591,-0.05745593163628824,0.03018203381690122,3.074491803278689,-0.22729702621926254,2.053956907037334,1.5685481566791926,112,277,0.4942941815320473
replay,23,1.1726061956419098,0.279293963079535,-0.07090945662470488,0.04920462652117362,3.5885254032702605,2.34733515137146,0.3071964226085855,-0.04375273062655564,0.05289883573245824,4.100182162793591,-0.4228681572191372,-0.04344929815741594,-0.08407749335220009,0.04574087010626367,5.041855961867281,-0.5657440231325828,2.2434551428023104,1.065380959264152,127,276,0.423706959507547
dream,23,1.6293252557326616,0.3574634518047439,-0.035379076967614546,0.043600133123214195,5.364022714445862,2.3350610061015207,0.33223218909527996,-0.032436246097740803,0.05699809159827742,7.298491467864978,-0.7784212252574049,-0.06393447939957864,-0.07280645581132536,0.03802808029812852,6.8109776311413395,-0.9510440057858943,2.1728730536953504,1.5043552629599373,117,278,0.21920121667031922
fixed,24,1.4629762075755333,0.5781661504549607,-0.11128838574494399,0.07337128995468194,2.6571867742337973,2.297520584913937,0.5408793103907048,-0.07483049212011617,0.08794627392910376,3.144043636363637,-0.04412236562598192,-0.014929764450582361,-0.11839675020387586,0.08135078936863822,3.7338707291494173,-0.1779981553109082,2.1972244661266056,1.3541882792183852,121,277,0.34416389124841495
online,24,1.68379423173077,0.4795785643072945,-0.09011470374064522,0.05423383949046969,1.5939221358641174,2.1314837296841054,0.3513651905683419,-0.06879405181691872,0.06576006825425491,2.185651334552749,0.44852169885838916,0.04905929940827081,-0.06966939422458877,0.05203824713264297,2.003748814744681,0.3736120254512012,2.053373677084591,1.6068584371431651,120,266,0.37981446819978926
replay,24,1.6492429459397457,0.4469271288486045,-0.06981917260359143,0.05219997524282396,1.902524604618973,2.3207881808885125,0.275784995192925,-0.03705207478801845,0.048605554254611036,1.9393995498501062,0.08758988302341363,0.006350797072868453,-0.06735429953203848,0.04445814878650042,1.9795590114799764,0.014321553027794857,2.2634741524975013,1.5762828675455707,124,263,0.2976128704536871
dream,24,1.5575223784442054,0.49934436677222216,-0.05879597832288783,0.06082902292309823,5.8264968152866246,2.2311454530021133,0.5262575749309808,-0.08047945993679789,0.08863886157702905,7.010181818181818,0.3657226721154266,0.04438523943728123,-0.059616245740933535,0.05932923859515828,6.651147540983607,0.2028915984252877,2.050702086670078,1.4115944529770288,114,264,0.3050599685336872
fixed,25,1.4628326556747338,0.6370882821075634,-0.12443049737425031,0.07944315172283266,3.5213727499307677,2.2176479479852738,0.36169383783787823,-0.050094156347737825,0.06474923730904307,4.663832727272728,0.14043490694299224,0.01959311519346074,-0.11337589362743329,0.09670353082937838,6.029690611028317,-0.03684685209129075,2.09932421526595,1.3301899519889933,123,266,0.44676997443360533
online,25,1.2653000366582443,0.3360053593424439,-0.04652680069357672,0.05364167105399809,2.206513672695264,2.1820571173887315,0.2782251583135442,-0.03908229021268523,0.05217976764012991,2.5810026005651476,0.3373536657791565,0.03513727801513222,-0.056545332254285666,0.05081880524348239,2.8463606557377057,0.2521537865372595,2.1108959202710857,1.1979063628575506,126,260,0.31038619246777044
replay,25,2.0106877379676633,0.6152943390281767,-0.04441636854595432,0.05546049345883062,2.468808118721796,2.428445983633886,0.43608785301154085,-0.054067272852553985,0.06930075070646126,3.0560419993008012,0.8269667032090945,0.08639456490857866,-0.0571074294835041,0.0473541415259983,2.6926869179826998,0.7445592501076884,2.340291507221593,1.9391033913202502,121,271,0.34883966232425345
dream,25,1.6160099521049132,0.4282888981412012,-0.053813090286547925,0.05140696855937952,2.4516797088262057,2.5706829092897334,0.2662759668338508,-0.026243467703603366,0.042436856312393974,2.95952132231405,0.34757043334261384,0.050145104148337616,-0.07725204962221252,0.07208965722938777,4.283245524778595,0.22327949803593566,2.498370748991651,1.5400698127851151,110,265,0.31696238767610585
fixed,26,1.588447006543246,0.4013948225691504,-0.0650306384297343,0.04949453327105957,3.597516678834874,2.030899144247733,0.29410316694625305,-0.04747499918461601,0.0590416715217068,4.991260079051384,0.7565815623152019,0.08022064747843571,-0.05130289093135167,0.04836716807085039,4.974792544115425,0.6314342659672175,1.9073364430743973,1.4839813537516815,125,255,0.41528626673683355
online,26,1.461578210666079,0.6487155103414981,-0.15140461483139012,0.08069764004457436,1.6920702882120193,1.977368137128289,0.45695609462571696,-0.07230844414537003,0.08926122208522431,2.077154945221695,-0.0053594679969097055,-0.007163901597584399,-0.1315211516325721,0.07599940334703975,2.119659556510666,-0.11351323494340908,1.8996708161511702,1.3520344974861436,129,271,0.34022587241293967
replay,26,1.6798632822156798,1.0196359797243306,-0.18292511377636592,0.09890334953095038,4.274143012611908,2.053613238006057,0.6353572368301823,-0.10037086123077935,0.11291549906597798,6.106616884981158,0.5349451514513665,0.10941664231079873,-0.14391720563489122,0.09812336669639239,5.640824386882724,0.35017006089626634,1.8812954696910444,1.5029178650752586,125,265,0.38951756567756324
dream,26,1.4203324833006294,0.06964636709564531,-0.015157363788406812,0.010911718798401854,0.4769426751592357,1.7541561965001358,0.05027489138801422,-0.011794527935290164,0.012859954823445999,0.723927272727273,-0.08239843217934245,-0.0018747823376902284,-0.02086330613381506,0.009863322465594416,0.5140983606557378,-0.10311205245936474,1.7337803870779451,1.4032149479032414,116,271,0.5936007717727648
fixed,27,1.7398306624788051,0.4922846150935789,-0.052832356946322184,0.05359464317334075,7.387017211004202,2.4514094604577714,0.3507890421713271,-0.04156034844425629,0.05687953690002889,8.491636363636363,-0.2471075896363829,-0.024423923773880474,-0.0567503522710196,0.04230169673930495,11.496895709801187,-0.5054206799679164,2.260796558962916,1.56567413978556,121,259,0.2979375506317492
online,27,1.7331767112679153,0.8173956548943666,-0.08127643019423879,0.08095321907229588,10.822489681528662,2.457140209820387,0.569728718186133,-0.06316096390204391,0.08561943157121603,12.562319127272726,-0.2551433784556249,-0.038628436294758206,-0.0847240467128177,0.0630502936171794,16.913028196721307,-0.6357659657464599,2.1743133453239105,1.4760887025402227,117,259,0.44419842994159353
replay,27,1.6395478576758495,0.5100149719866869,-0.09741808606276163,0.0587009315711187,2.0412608923865547,2.3306185151007672,0.4371244202256055,-0.07021811647150936,0.0724453634211685,2.6141032022168145,0.21570876588714483,0.025825583828313015,-0.09345915209875333,0.06367235194246033,3.147756199328613,0.1060240658511959,2.243227392820676,1.5500135967967377,116,264,0.2686748722815302
dream,27,1.7514431585431807,0.8684402786625931,-0.08513328872601907,0.08387525781168066,10.883104946723018,2.4330645664008452,0.5965305761607864,-0.06411111943158873,0.08981176321413945,12.698658963466439,-0.2965995418866559,-0.0455576244045508,-0.09052533860826448,0.06500704786833067,17.125772943159184,-0.6843776700539719,2.147035827415722,1.4912144152457107,108,266,0.29936133664983355
fixed,28,1.472977639932397,0.38505860093041666,-0.06855688009478576,0.051617887381416726,6.9503435681471455,2.0335472958754353,0.1466300198219852,-0.023399097000318423,0.031069843380760465,5.448927272727272,-0.22168205832309604,-0.023277668965412834,-0.06512421290909397,0.044329177856081634,8.272718189756283,-0.4196985285727687,1.9128692019207305,1.2996923285220614,124,257,0.5015281201727465
online,28,1.585157249096248,0.5365101608762584,-0.07633856868707363,0.06341134161692592,7.667999999999999,2.3119317293535686,0.5126551989464423,-0.07685985389332414,0.08356970902252804,11.759923636363638,0.5102933801790259,0.06630156815315047,-0.05399151550895827,0.061455302974113994,11.19472131147541,0.2594031961950386,2.038303329679634,1.3936279647527112,112,273,0.23434451387453492
replay,28,1.8145894661146231,0.5372082323029652,-0.05137260203095119,0.055183669480736205,9.728490107822468,2.390118508811288,0.34991922133894193,-0.04268166729840162,0.058247573075121795,12.103816314461202,-0.34186024961146283,-0.03458107577450931,-0.06420501581032553,0.04436585821808419,13.81233252193485,-0.6502094079553227,2.126701348872863,1.5943333629426983,110,262,0.30800971537307276
dream,28,1.4640757124309312,0.7733223248932357,-0.09571529320406938,0.0926836515673549,4.764385527848169,2.083664620985043,0.6816736552305038,-0.10215909993397974,0.1176921938208472,4.837603574187937,-0.43738352045427015,-0.09354206521914332,-0.1623751622846533,0.09310931825836496,6.349419448808877,-0.6455594905727744,1.9358329995342947,1.3209303552719331,118,276,0.4701564018661304
fixed,29,1.43100231704504,0.556679216281349,-0.09265682548403585,0.07278242807049981,6.667713817912789,2.7176245379174153,0.6325686611383845,-0.057254800743856686,0.08397699021830966,7.6061193643471965,0.606969944320601,0.07790748084369148,-0.08153880905162958,0.05967305025652578,7.620161819065418,0.41379730341347787,2.5368747502585434,1.2513196279447665,126,274,0.23860179787301972
online,29,1.4310023170450406,0.3675331573593055,-0.06576647631464447,0.051075388119649005,4.679097416079151,2.7176245379174158,0.41288375119734444,-0.04018360694511083,0.05893122120583135,5.337627624103297,0.606969944320601,0.05491501046594771,-0.0576985901015286,0.04187582474142161,5.347481978291522,0.4711710097040063,2.5907801819627942,1.3045371305661353,114,261,0.31319987104190916
replay,29,1.2699932554104414,0.22098521889288447,-0.053231207760832525,0.03657841264512236,3.214203821656051,2.5147864233286703,0.2556740680837468,-0.034490590779294755,0.04183760483607257,3.146334545454546,0.4302503384137701,0.025671981747428463,-0.027061439250983515,0.02795128636061442,3.152065573770492,0.35367830731286853,2.434614437029932,1.1790935750969043,114,269,0.2944620317155836
dream,29,1.4676570142682028,0.4489112685570331,-0.0824804455219029,0.05913749075959766,4.738256336518647,2.556373703302486,0.481943506175994,-0.05103119241730707,0.07153121950968815,6.074222097902099,0.18365261957283183,0.017006489498466726,-0.056154457081282666,0.048576923924912696,5.664721311475411,0.04228096480268226,2.4093736651357904,1.3316516647768786,110,269,0.2782515432478131
